This is pdfTeX, Version 3.141592653-2.6-1.40.28 (TeX Live 2025) (preloaded format=pdflatex 2025.12.17)  26 AUG 2026 23:26
entering extended mode
 restricted \write18 enabled.
 file:line:error style messages enabled.
 %&-line parsing enabled.
**main.tex
(./main.tex
LaTeX2e <2025-11-01>
L3 programming layer <2025-11-14>
(./tesisUsach.cls
Document Class: tesisUsach 2025-08-21 v2.0
(c:/texlive/2025/texmf-dist/tex/latex/etoolbox/etoolbox.sty
Package: etoolbox 2025/10/02 v2.5m e-TeX tools for LaTeX (JAW)
\etb@tempcnta=\count275
) (c:/texlive/2025/texmf-dist/tex/latex/xkeyval/xkeyval.sty
Package: xkeyval 2025/11/04 v2.10 package option processing (HA)
 (c:/texlive/2025/texmf-dist/tex/generic/xkeyval/xkeyval.tex (c:/texlive/2025/texmf-dist/tex/generic/xkeyval/xkvutils.tex
\XKV@toks=\toks17
\XKV@tempa@toks=\toks18
\XKV@tempb@toks=\toks19
 (c:/texlive/2025/texmf-dist/tex/generic/xkeyval/keyval.tex))
\XKV@depth=\count276
File: xkeyval.tex 2014/12/03 v2.7a key=value parser (HA)
)) (c:/texlive/2025/texmf-dist/tex/generic/iftex/iftex.sty
Package: iftex 2024/12/12 v1.0g TeX engine tests
) (c:/texlive/2025/texmf-dist/tex/latex/base/textcomp.sty
Package: textcomp 2024/04/24 v2.1b Standard LaTeX package
) (c:/texlive/2025/texmf-dist/tex/latex/xcolor/xcolor.sty
Package: xcolor 2024/09/29 v3.02 LaTeX color extensions (UK)
 (c:/texlive/2025/texmf-dist/tex/latex/graphics-cfg/color.cfg
File: color.cfg 2016/01/02 v1.6 sample color configuration
)
Package xcolor Info: Driver file: pdftex.def on input line 274.
 (c:/texlive/2025/texmf-dist/tex/latex/graphics-def/pdftex.def
File: pdftex.def 2025/09/29 v1.2d Graphics/color driver for pdftex
) (c:/texlive/2025/texmf-dist/tex/latex/graphics/mathcolor.ltx)
Package xcolor Info: Model `cmy' substituted by `cmy0' on input line 1349.
Package xcolor Info: Model `hsb' substituted by `rgb' on input line 1353.
Package xcolor Info: Model `RGB' extended on input line 1365.
Package xcolor Info: Model `HTML' substituted by `rgb' on input line 1367.
Package xcolor Info: Model `Hsb' substituted by `hsb' on input line 1368.
Package xcolor Info: Model `tHsb' substituted by `hsb' on input line 1369.
Package xcolor Info: Model `HSB' substituted by `hsb' on input line 1370.
Package xcolor Info: Model `Gray' substituted by `gray' on input line 1371.
Package xcolor Info: Model `wave' substituted by `hsb' on input line 1372.
) (c:/texlive/2025/texmf-dist/tex/latex/base/report.cls
Document Class: report 2025/01/22 v1.4n Standard LaTeX document class
(c:/texlive/2025/texmf-dist/tex/latex/base/size12.clo
File: size12.clo 2025/01/22 v1.4n Standard LaTeX file (size option)
)
\c@part=\count277
\c@chapter=\count278
\c@section=\count279
\c@subsection=\count280
\c@subsubsection=\count281
\c@paragraph=\count282
\c@subparagraph=\count283
\c@figure=\count284
\c@table=\count285
\abovecaptionskip=\skip49
\belowcaptionskip=\skip50
\bibindent=\dimen148
) (c:/texlive/2025/texmf-dist/tex/latex/appendix/appendix.sty
Package: appendix 2020/02/08 v1.2c extra appendix facilities
\c@@pps=\count286
\c@@ppsavesec=\count287
\c@@ppsaveapp=\count288
) (c:/texlive/2025/texmf-dist/tex/generic/babel/babel.sty
Package: babel 2025/12/11 v25.17 The multilingual framework for LuaLaTeX, pdfLaTeX and XeLaTeX
\babel@savecnt=\count289
LaTeX Encoding Info:    Redeclaring text command \ij (encoding OT1) on input line 2068.
LaTeX Encoding Info:    Redeclaring text command \IJ (encoding OT1) on input line 2070.
LaTeX Encoding Info:    Redeclaring text command \ij (encoding T1) on input line 2072.
LaTeX Encoding Info:    Redeclaring text command \IJ (encoding T1) on input line 2073.
LaTeX Encoding Info:    Ignoring declaration for text command \ij (encoding ?) on input line 2074.
LaTeX Encoding Info:    Ignoring declaration for text command \IJ (encoding ?) on input line 2076.
LaTeX Encoding Info:    Ignoring declaration for text command \SS (encoding ?) on input line 2101.
\U@D=\dimen149
\l@unhyphenated=\language90
 (c:/texlive/2025/texmf-dist/tex/generic/babel/txtbabel.def)
\bbl@readstream=\read2
\bbl@dirlevel=\count290
 (c:/texlive/2025/texmf-dist/tex/generic/babel/locale/en/babel-english.tex) (c:/texlive/2025/texmf-dist/tex/generic/babel/locale/es/babel-spanish.tex)
Package babel Info: Importing font and identification data for english
(babel)             from babel-en.ini. Reported on input line 4320.
 (c:/texlive/2025/texmf-dist/tex/generic/babel-english/english.ldf
Language: english 2017/06/06 v3.3r English support from the babel system
Package babel Info: Hyphen rules for 'canadian' set to \l@english
(babel)             (\language0). Reported on input line 102.
Package babel Info: Hyphen rules for 'australian' set to \l@ukenglish
(babel)             (\language22). Reported on input line 105.
Package babel Info: Hyphen rules for 'newzealand' set to \l@ukenglish
(babel)             (\language22). Reported on input line 108.
)
Package babel Info: Importing font and identification data for spanish
(babel)             from babel-es.ini. Reported on input line 4320.
 (c:/texlive/2025/texmf-dist/tex/generic/babel-spanish/spanish.ldf
Language: spanish.ldf 2021/05/27 v5.0q Spanish support from the babel system
\es@quottoks=\toks20
\es@quotdepth=\count291
Package babel Info: Making " an active character on input line 570.
Package babel Info: Making . an active character on input line 675.
Package babel Info: Making < an active character on input line 722.
Package babel Info: Making > an active character on input line 722.
))
LaTeX Encoding Info:    Redeclaring text command \guillemotleft (encoding OT1) on input line 238.
LaTeX Encoding Info:    Redeclaring text command \guillemotright (encoding OT1) on input line 238.
LaTeX Info: Redefining \. on input line 238.
LaTeX Info: Redefining \% on input line 238.
Package babel Info: 'spanish' activates 'spanish' shorthands.
(babel)             Reported on input line 238.
 (c:/texlive/2025/texmf-dist/tex/latex/glossaries/base/glossaries.sty
Package: glossaries 2025/11/09 v4.9 (NLCT)
 (c:/texlive/2025/texmf-dist/tex/latex/base/ifthen.sty
Package: ifthen 2024/03/16 v1.1e Standard LaTeX ifthen package (DPC)
) (c:/texlive/2025/texmf-dist/tex/latex/mfirstuc/mfirstuc.sty
Package: mfirstuc 2025/04/03 v2.09 (NLCT)
\@glsmfirst=\toks21
\@glsmrest=\toks22
) (c:/texlive/2025/texmf-dist/tex/latex/xfor/xfor.sty
Package: xfor 2009/02/05 v1.05 (NLCT)
) (c:/texlive/2025/texmf-dist/tex/latex/amsmath/amsgen.sty
File: amsgen.sty 1999/11/30 v2.0 generic functions
\@emptytoks=\toks23
\ex@=\dimen150
) (c:/texlive/2025/texmf-dist/tex/latex/tracklang/tracklang.sty
Package: tracklang 2025/03/11 v1.6.6 (NLCT) Track Languages
 (c:/texlive/2025/texmf-dist/tex/generic/tracklang/tracklang.tex)
Package tracklang Info: Tracking dialect `english' (language `english') on input line 264.
Package tracklang Info: Tracking dialect `spanish' (language `spanish') on input line 264.
Package tracklang Info: Tracking dialect `spanish' (language `spanish') on input line 264.
Package tracklang Info: Tracking dialect `english' (language `english') on input line 264.
) (c:/texlive/2025/texmf-dist/tex/latex/translator/translator.sty
Package: translator 2021-05-31 v1.12d Easy translation of strings in LaTeX
) (c:/texlive/2025/texmf-dist/tex/latex/glossaries-english/glossaries-english.ldf
File: glossaries-english.ldf 2014/11/23 v1.0
) (c:/texlive/2025/texmf-dist/tex/latex/glossaries-spanish/glossaries-spanish.ldf
File: glossaries-spanish.ldf 2014/11/23 v1.0
 (c:/texlive/2025/texmf-dist/tex/latex/glossaries-spanish/glossaries-spanish-utf8.ldf)) (c:/texlive/2025/texmf-dist/tex/latex/datatool/datatool-base.sty
Package: datatool-base 2025/12/04 v3.4.3 (NLCT)
 (c:/texlive/2025/texmf-dist/tex/latex/amsmath/amsmath.sty
Package: amsmath 2025/07/09 v2.17z AMS math features
\@mathmargin=\skip51

For additional information on amsmath, use the `?' option.
(c:/texlive/2025/texmf-dist/tex/latex/amsmath/amstext.sty
Package: amstext 2024/11/17 v2.01 AMS text
) (c:/texlive/2025/texmf-dist/tex/latex/amsmath/amsbsy.sty
Package: amsbsy 1999/11/29 v1.2d Bold Symbols
\pmbraise@=\dimen151
) (c:/texlive/2025/texmf-dist/tex/latex/amsmath/amsopn.sty
Package: amsopn 2022/04/08 v2.04 operator names
)
\inf@bad=\count292
LaTeX Info: Redefining \frac on input line 233.
\uproot@=\count293
\leftroot@=\count294
LaTeX Info: Redefining \overline on input line 398.
LaTeX Info: Redefining \colon on input line 409.
\classnum@=\count295
\DOTSCASE@=\count296
LaTeX Info: Redefining \ldots on input line 495.
LaTeX Info: Redefining \dots on input line 498.
LaTeX Info: Redefining \cdots on input line 619.
\Mathstrutbox@=\box53
\strutbox@=\box54
LaTeX Info: Redefining \big on input line 721.
LaTeX Info: Redefining \Big on input line 722.
LaTeX Info: Redefining \bigg on input line 723.
LaTeX Info: Redefining \Bigg on input line 724.
\big@size=\dimen152
LaTeX Font Info:    Redeclaring font encoding OML on input line 742.
LaTeX Font Info:    Redeclaring font encoding OMS on input line 743.
\macc@depth=\count297
LaTeX Info: Redefining \bmod on input line 904.
LaTeX Info: Redefining \pmod on input line 909.
LaTeX Info: Redefining \smash on input line 939.
LaTeX Info: Redefining \relbar on input line 969.
LaTeX Info: Redefining \Relbar on input line 970.
\c@MaxMatrixCols=\count298
\dotsspace@=\muskip17
\c@parentequation=\count299
\dspbrk@lvl=\count300
\tag@help=\toks24
\row@=\count301
\column@=\count302
\maxfields@=\count303
\andhelp@=\toks25
\eqnshift@=\dimen153
\alignsep@=\dimen154
\tagshift@=\dimen155
\tagwidth@=\dimen156
\totwidth@=\dimen157
\lineht@=\dimen158
\@envbody=\toks26
\multlinegap=\skip52
\multlinetaggap=\skip53
\mathdisplay@stack=\toks27
LaTeX Info: Redefining \[ on input line 2950.
LaTeX Info: Redefining \] on input line 2951.
)
\l__datatool_tmpa_int=\count304
\l__datatool_tmpb_int=\count305
\l__datatool_tmpc_int=\count306
\l__datatool_tmpd_int=\count307
\l__datatool_count_int=\count308
\l__datatool_tmp_datatype_int=\count309
\l__datatool_tmpa_dim=\dimen159
\l__datatool_tmpb_dim=\dimen160
 (c:/texlive/2025/texmf-dist/tex/latex/datatool/datatool-l3fp.def
File: datatool-l3fp.def 2025/12/04 v3.4.3 (NLCT)
)
\@dtl@toks=\toks28
\@dtl@tmpcount=\count310
\dtl@tmplength=\skip54
\l__datatool_measure_box=\box55
\dtl@sortresult=\count311
 (c:/texlive/2025/texmf-dist/tex/latex/datatool/datatool-utf8.ldf
File: datatool-utf8.ldf 2025/12/04 v3.4.3 (NLCT)
)
\@dtl@datatype=\count312
\c_datatool_unknown_int=\count313
\l__datatool_year_int=\count314
\l__datatool_month_int=\count315
\l__datatool_day_int=\count316
\l__datatool_hour_int=\count317
\l__datatool_minute_int=\count318
\l__datatool_second_int=\count319
\l__datatool_tzhour_int=\count320
\l__datatool_tzminute_int=\count321
\l__datatool_julian_int=\count322
\l__datatool_local_julian_int=\count323
\l__datatool_prefix_int=\count324
\l__datatool_suffix_int=\count325
\@dtl@foreach@level=\count326
 (c:/texlive/2025/texmf-dist/tex/latex/datatool-english/datatool-english.ldf
File: datatool-english.ldf 2025/03/12 v1.1 (NLCT)
 (c:/texlive/2025/texmf-dist/tex/latex/datatool-english/datatool-english-utf8.ldf
File: datatool-english-utf8.ldf 2025/03/12 v1.1 (NLCT)
))

Package tracklang Warning: No `datatool' support for dialect `spanish'  on input line 9924.

\dtl@codeA=\count327
\dtl@codeB=\count328
)
\gls@level=\count329
\@gls@tmpb=\toks29
\gls@tmplen=\skip55
\l__glossaries_tmpa_dim=\dimen161
\l__glossaries_tmpb_dim=\dimen162
\glskeylisttok=\toks30
\glslabeltok=\toks31
\glsshorttok=\toks32
\glslongtok=\toks33
 (c:/texlive/2025/texmf-dist/tex/latex/glossaries/styles/glossary-hypernav.sty
Package: glossary-hypernav 2025/11/09 v4.9 (NLCT)
) (c:/texlive/2025/texmf-dist/tex/latex/glossaries/styles/glossary-list.sty
Package: glossary-list 2025/11/09 v4.9 (NLCT)
\glslistdottedwidth=\skip56
) (c:/texlive/2025/texmf-dist/tex/latex/glossaries/styles/glossary-long.sty
Package: glossary-long 2025/11/09 v4.9 (NLCT)
 (c:/texlive/2025/texmf-dist/tex/latex/tools/longtable.sty
Package: longtable 2025-10-13 v4.24 Multi-page Table package (DPC)
\LTleft=\skip57
\LTright=\skip58
\LTpre=\skip59
\LTpost=\skip60
\LTchunksize=\count330
\LTcapwidth=\dimen163
\LT@head=\box56
\LT@firsthead=\box57
\LT@foot=\box58
\LT@lastfoot=\box59
\LT@gbox=\box60
\LT@cols=\count331
\LT@rows=\count332
\c@LT@tables=\count333
\c@LT@chunks=\count334
\LT@p@ftn=\toks34
)
\glsdescwidth=\skip61
\glspagelistwidth=\skip62
) (c:/texlive/2025/texmf-dist/tex/latex/glossaries/styles/glossary-super.sty
Package: glossary-super 2025/11/09 v4.9 (NLCT)
 (c:/texlive/2025/texmf-dist/tex/latex/supertabular/supertabular.sty
Package: supertabular 2024/07/20 v4.2c the supertabular environment
\c@tracingst=\count335
\ST@wd=\dimen164
\ST@rightskip=\skip63
\ST@leftskip=\skip64
\ST@parfillskip=\skip65
\ST@pageleft=\dimen165
\ST@headht=\dimen166
\ST@tailht=\dimen167
\ST@pagesofar=\dimen168
\ST@pboxht=\dimen169
\ST@rowht=\dimen170
\ST@prevht=\dimen171
\ST@toadd=\dimen172
\ST@dimen=\dimen173
\ST@pbox=\box61
)) (c:/texlive/2025/texmf-dist/tex/latex/glossaries/styles/glossary-tree.sty
Package: glossary-tree 2025/11/09 v4.9 (NLCT)
\l__glossaries_tree_max_known_level_int=\count336
\l__glossaries_tree_offset_dim=\dimen174
\l__glossaries_tree_namewidth_dim=\dimen175
\l__glossaries_tree_symbolwidth_dim=\dimen176
\l__glossaries_tree_prenamesym_width_dim=\dimen177
\l__glossaries_tree_presubnamesym_width_dim=\dimen178
\l__glossaries_tree_namewidth_padding_dim=\dimen179
\l__glossaries_tree_symbolwidth_padding_dim=\dimen180
\l__glossaries_tree_namesymbolwidth_dim=\dimen181
\l__glossaries_tree_namesymbolwidth_padding_dim=\dimen182
\l__glossaries_tree_level_int=\count337
\glstreeindent=\skip66
))
\glswrite=\write3
\glo@main@file=\write4
\openout4 = `main.glo'.

Package glossaries Info: Writing glossary file main.glo on input line 286.
 (./Recursos/glosario.tex) (./Recursos/metadatos.tex) (c:/texlive/2025/texmf-dist/tex/latex/datatool/datatool.sty
Package: datatool 2025/12/04 v3.4.3 (NLCT)
\l__datatool_max_cols_int=\count338
\l__datatool_col_idx_int=\count339
\l__datatool_row_idx_int=\count340
\l__datatool_item_type_int=\count341
\l__datatool_action_column_int=\count342
\l__datatool_action_column_ii_int=\count343
\l__datatool_action_row_int=\count344
\l__datatool_action_row_ii_int=\count345
\l__datatool_action_type_int=\count346
\l__datatool_action_datum_round_int=\count347
\dtlcolumnnum=\count348
\dtlrownum=\count349
\@dtl@before=\toks35
\@dtl@after=\toks36
\@dtl@colhead=\toks37
\dtlcurrentrow=\toks38
\dtlbeforerow=\toks39
\dtlafterrow=\toks40
\l__datatool_map_data_max_cols_int=\count350
\l__datatool_map_data_edit_column_int=\count351
\dtlforeachlevel=\count352
\c@DTLrow=\count353
\c@DTLrowi=\count354
\c@DTLrowii=\count355
\c@DTLrowiii=\count356
\dtl@rowi=\count357
\dtl@rowii=\count358
\dtl@rowiii=\count359
\g__filtered_row_i_int=\count360
\g__filtered_row_ii_int=\count361
\g__filtered_row_iii_int=\count362
\@dtl@curi=\toks41
\@dtl@previ=\toks42
\@dtl@nexti=\toks43
\@dtl@curii=\toks44
\@dtl@previi=\toks45
\@dtl@nextii=\toks46
\@dtl@curiii=\toks47
\@dtl@previii=\toks48
\@dtl@nextiii=\toks49
\l_datatool_display_per_row_int=\count363
\l_datatool_display_tab_rows_int=\count364
\@dtl@toksA=\toks50
\@dtl@toksB=\toks51
\@dtl@elements=\count365
\__datatool_sort_data_sortcol_int=\count366
\__datatool_sort_data_grpcol_int=\count367
\dtl@omitlines=\count368
\l__datatool_line_int=\count369
)
\dtldb@tesisdata=\toks52
\dtlkeys@tesisdata=\toks53
\dtlrows@tesisdata=\count370
\dtlcols@tesisdata=\count371


LaTeX Warning: Writing or overwriting file `main.xmpdata'.

\openout15 = `main.xmpdata'.


LaTeX Warning: Tab has been converted to Blank Space.


(c:/texlive/2025/texmf-dist/tex/latex/graphics/dvipsnam.def
File: dvipsnam.def 2016/06/17 v3.0m Driver-dependent file (DPC,SPQR)
) (c:/texlive/2025/texmf-dist/tex/latex/pdfx/pdfx.sty
Package: pdfx 2024/06/24 v1.6.5f PDF/X and PDF/A support (CVR/HTH/RRM/PS)
\pdfx@minorversion=\count372
\pdfx@majorversion=\count373
 (c:/texlive/2025/texmf-dist/tex/generic/iftex/ifluatex.sty
Package: ifluatex 2019/10/25 v1.5 ifluatex legacy package. Use iftex instead.
) (c:/texlive/2025/texmf-dist/tex/generic/iftex/ifpdf.sty
Package: ifpdf 2019/10/25 v3.4 ifpdf legacy package. Use iftex instead.
) (c:/texlive/2025/texmf-dist/tex/generic/iftex/ifxetex.sty
Package: ifxetex 2019/10/25 v0.7 ifxetex legacy package. Use iftex instead.
) (c:/texlive/2025/texmf-dist/tex/latex/everyshi/everyshi.sty
Package: everyshi 2020/11/18 v4.00 EveryShipout Package
){c:/texlive/2025/texmf-var/fonts/map/pdftex/updmap/pdftex.map} (c:/texlive/2025/texmf-dist/tex/latex/base/inputenc.sty
Package: inputenc 2024/02/08 v1.3d Input encoding file
\inpenc@prehook=\toks54
\inpenc@posthook=\toks55
) (c:/texlive/2025/texmf-dist/tex/latex/pdfx/l8u-penc.def
File: l8u-penc.def 2017/06/23 v0.8 Custom LaTeX file, for UTF8 encoded letters and symbols
LaTeX Encoding Info:    Redeclaring text command \textdoubletilde (encoding L8U) on input line 210.
LaTeX Encoding Info:    Redeclaring text command \texttipaG (encoding L8U) on input line 256.
LaTeX Encoding Info:    Redeclaring text command \texttipam (encoding L8U) on input line 257.
LaTeX Encoding Info:    Redeclaring text command \texttipaM (encoding L8U) on input line 258.
LaTeX Encoding Info:    Redeclaring text command \b (encoding L8U) on input line 278.
LaTeX Encoding Info:    Text composite with undeclared \b in encoding L8U on input line 278.
LaTeX Encoding Info:    Redeclaring text command \textacutemacron (encoding L8U) on input line 323.
LaTeX Encoding Info:    Redeclaring text command \textgravemacron (encoding L8U) on input line 334.
LaTeX Encoding Info:    Redeclaring text command \textacutemacron (encoding L8U) on input line 336.
LaTeX Encoding Info:    Redeclaring text command \textellipsis (encoding L8U) on input line 2514.
LaTeX Encoding Info:    Redeclaring text command \textfractionsolidus (encoding L8U) on input line 2529.
LaTeX Encoding Info:    Redeclaring text command \texthinferior (encoding L8U) on input line 2618.
LaTeX Encoding Info:    Redeclaring text command \texthslash (encoding L8U) on input line 2678.
LaTeX Encoding Info:    Redeclaring text command \texttrademark (encoding L8U) on input line 2687.
LaTeX Encoding Info:    Redeclaring text command \textupstep (encoding L8U) on input line 3739.
LaTeX Encoding Info:    Redeclaring text command \textdownstep (encoding L8U) on input line 3740.
LaTeX Encoding Info:    Redeclaring text command \textcopyleft (encoding L8U) on input line 3810.
)
\pdfxsafeforxmp@toks=\toks56
\pdfx@tmptoks=\toks57
 (c:/texlive/2025/texmf-dist/tex/latex/hyperref/hyperref.sty
Package: hyperref 2025-07-12 v7.01o Hypertext links for LaTeX
 (c:/texlive/2025/texmf-dist/tex/latex/kvsetkeys/kvsetkeys.sty
Package: kvsetkeys 2022-10-05 v1.19 Key value parser (HO)
) (c:/texlive/2025/texmf-dist/tex/generic/kvdefinekeys/kvdefinekeys.sty
Package: kvdefinekeys 2019-12-19 v1.6 Define keys (HO)
) (c:/texlive/2025/texmf-dist/tex/generic/pdfescape/pdfescape.sty
Package: pdfescape 2019/12/09 v1.15 Implements pdfTeX's escape features (HO)
 (c:/texlive/2025/texmf-dist/tex/generic/ltxcmds/ltxcmds.sty
Package: ltxcmds 2023-12-04 v1.26 LaTeX kernel commands for general use (HO)
) (c:/texlive/2025/texmf-dist/tex/generic/pdftexcmds/pdftexcmds.sty
Package: pdftexcmds 2020-06-27 v0.33 Utility functions of pdfTeX for LuaTeX (HO)
 (c:/texlive/2025/texmf-dist/tex/generic/infwarerr/infwarerr.sty
Package: infwarerr 2019/12/03 v1.5 Providing info/warning/error messages (HO)
)
Package pdftexcmds Info: \pdf@primitive is available.
Package pdftexcmds Info: \pdf@ifprimitive is available.
Package pdftexcmds Info: \pdfdraftmode found.
)) (c:/texlive/2025/texmf-dist/tex/latex/hycolor/hycolor.sty
Package: hycolor 2020-01-27 v1.10 Color options for hyperref/bookmark (HO)
) (c:/texlive/2025/texmf-dist/tex/latex/hyperref/nameref.sty
Package: nameref 2025-06-21 v2.57 Cross-referencing by name of section
 (c:/texlive/2025/texmf-dist/tex/latex/refcount/refcount.sty
Package: refcount 2019/12/15 v3.6 Data extraction from label references (HO)
) (c:/texlive/2025/texmf-dist/tex/generic/gettitlestring/gettitlestring.sty
Package: gettitlestring 2019/12/15 v1.6 Cleanup title references (HO)
 (c:/texlive/2025/texmf-dist/tex/latex/kvoptions/kvoptions.sty
Package: kvoptions 2022-06-15 v3.15 Key value format for package options (HO)
))
\c@section@level=\count374
) (c:/texlive/2025/texmf-dist/tex/generic/stringenc/stringenc.sty
Package: stringenc 2019/11/29 v1.12 Convert strings between diff. encodings (HO)
)
\@linkdim=\dimen183
\Hy@linkcounter=\count375
\Hy@pagecounter=\count376
 (c:/texlive/2025/texmf-dist/tex/latex/hyperref/pd1enc.def
File: pd1enc.def 2025-07-12 v7.01o Hyperref: PDFDocEncoding definition (HO)
) (c:/texlive/2025/texmf-dist/tex/generic/intcalc/intcalc.sty
Package: intcalc 2019/12/15 v1.3 Expandable calculations with integers (HO)
)
\Hy@SavedSpaceFactor=\count377
 (c:/texlive/2025/texmf-dist/tex/latex/hyperref/puenc.def
File: puenc.def 2025-07-12 v7.01o Hyperref: PDF Unicode definition (HO)
)
Package hyperref Info: Option `bookmarks' set `true' on input line 4066.
Package hyperref Info: Option `pdfpagelabels' set `true' on input line 4066.
Package hyperref Info: Option `colorlinks' set `true' on input line 4066.
Package hyperref Info: Option `pdfa' set `true' on input line 4066.
Package hyperref Info: Hyper figures OFF on input line 4195.
Package hyperref Info: Link nesting OFF on input line 4200.
Package hyperref Info: Hyper index ON on input line 4203.
Package hyperref Info: Plain pages OFF on input line 4210.
Package hyperref Info: Backreferencing OFF on input line 4215.
Package hyperref Info: Implicit mode ON; LaTeX internals redefined.
Package hyperref Info: Bookmarks ON on input line 4462.
\c@Hy@tempcnt=\count378
 (c:/texlive/2025/texmf-dist/tex/latex/url/url.sty
\Urlmuskip=\muskip18
Package: url 2013/09/16  ver 3.4  Verb mode for urls, etc.
)
LaTeX Info: Redefining \url on input line 4801.
\XeTeXLinkMargin=\dimen184
 (c:/texlive/2025/texmf-dist/tex/generic/bitset/bitset.sty
Package: bitset 2019/12/09 v1.3 Handle bit-vector datatype (HO)
 (c:/texlive/2025/texmf-dist/tex/generic/bigintcalc/bigintcalc.sty
Package: bigintcalc 2019/12/15 v1.5 Expandable calculations on big integers (HO)
))
\Fld@menulength=\count379
\Field@Width=\dimen185
\Fld@charsize=\dimen186
Package hyperref Info: Hyper figures OFF on input line 6078.
Package hyperref Info: Link nesting OFF on input line 6083.
Package hyperref Info: Hyper index ON on input line 6086.
Package hyperref Info: backreferencing OFF on input line 6093.
Package hyperref Info: Link coloring ON on input line 6096.
Package hyperref Info: Link coloring with OCG OFF on input line 6103.
Package hyperref Info: PDF/A mode ON on input line 6106.
\Hy@abspage=\count380
\c@Item=\count381
\c@Hfootnote=\count382
)
Package hyperref Info: Driver: hpdftex.
 (c:/texlive/2025/texmf-dist/tex/latex/hyperref/hpdftex.def
File: hpdftex.def 2025-07-12 v7.01o Hyperref driver for pdfTeX
\Fld@listcount=\count383
\c@bookmark@seq@number=\count384
 (c:/texlive/2025/texmf-dist/tex/latex/rerunfilecheck/rerunfilecheck.sty
Package: rerunfilecheck 2025-06-21 v1.11 Rerun checks for auxiliary files (HO)
 (c:/texlive/2025/texmf-dist/tex/generic/uniquecounter/uniquecounter.sty
Package: uniquecounter 2019/12/15 v1.4 Provide unlimited unique counter (HO)
)
Package uniquecounter Info: New unique counter `rerunfilecheck' on input line 284.
)
\Hy@SectionHShift=\skip67
)
Package hyperref Info: Option `psdextra' set `true' on input line 1535.
 (c:/texlive/2025/texmf-dist/tex/latex/hyperref/psdextra.def
File: psdextra.def 2025-07-12 v7.01o Hyperref: Additions to PDF string support
) (c:/texlive/2025/texmf-dist/tex/generic/colorprofiles/colorprofiles.sty
Package: colorprofiles 2018/11/01 v1.0.1 color profiles for PDF/X and PDF/A support
 (c:/texlive/2025/texmf-dist/tex/generic/colorprofiles/colorprofiles.tex)) (c:/texlive/2025/texmf-dist/tex/latex/pdfx/AdobeColorProfiles.tex) (c:/texlive/2025/texmf-dist/tex/latex/pdfx/8bit.def
File: 8bit.def 2008/03/30 v1.1d Input encoding file
)
** pdfx: Metadata file main.xmpdata read successfully.
(./main.xmpdata)<<sRGB.icc>> (c:/texlive/2025/texmf-dist/tex/latex/pdfx/8bit.def
File: 8bit.def 2008/03/30 v1.1d Input encoding file
) (c:/texlive/2025/texmf-dist/tex/latex/pdfx/8bit.def
File: 8bit.def 2008/03/30 v1.1d Input encoding file
) (c:/texlive/2025/texmf-dist/tex/generic/stringenc/se-utf8.def
File: se-utf8.def 2019/11/29 v1.12 stringenc: UTF-8
) (c:/texlive/2025/texmf-dist/tex/latex/pdfx/8bit.def
File: 8bit.def 2008/03/30 v1.1d Input encoding file
) (c:/texlive/2025/texmf-dist/tex/latex/pdfx/8bit.def
File: 8bit.def 2008/03/30 v1.1d Input encoding file
) (c:/texlive/2025/texmf-dist/tex/latex/pdfx/8bit.def
File: 8bit.def 2008/03/30 v1.1d Input encoding file
) (c:/texlive/2025/texmf-dist/tex/generic/pdftex/glyphtounicode.tex) (c:/texlive/2025/texmf-dist/tex/latex/pdfx/glyphtounicode-cmr.tex) (c:/texlive/2025/texmf-dist/tex/latex/pdfx/glyphtounicode-ntx.tex) (c:/texlive/2025/texmf-dist/tex/latex/xmpincl/xmpincl.sty
Package: xmpincl 2021/09/22 v2.4 Include XMP data in pdflatex
) (c:/texlive/2025/texmf-dist/tex/latex/pdfx/8bit.def
File: 8bit.def 2008/03/30 v1.1d Input encoding file
)
Using XMP template file: pdfa.xmp
\xmpinclWrite=\write5
\xmpinclRead=\read3
\openout5 = `pdfa.xmpi'.

<<pdfa.xmpi>>

Package pdfx Warning: Setting all color commands to rgb,
consistent with the Color Model for PDF/A  on input line 3126.

) (c:/texlive/2025/texmf-dist/tex/latex/base/utf8.def
File: utf8.def 2022/06/07 v1.3c UTF-8 support
Now handling font encoding OML ...
... no UTF-8 mapping file for font encoding OML
Now handling font encoding OMS ...
... processing UTF-8 mapping file for font encoding OMS
 (c:/texlive/2025/texmf-dist/tex/latex/base/omsenc.dfu
File: omsenc.dfu 2022/06/07 v1.3c UTF-8 support
   defining Unicode char U+00A7 (decimal 167)
   defining Unicode char U+00B6 (decimal 182)
   defining Unicode char U+00B7 (decimal 183)
   defining Unicode char U+2020 (decimal 8224)
   defining Unicode char U+2021 (decimal 8225)
   defining Unicode char U+2022 (decimal 8226)
)
Now handling font encoding OT1 ...
... processing UTF-8 mapping file for font encoding OT1
 (c:/texlive/2025/texmf-dist/tex/latex/base/ot1enc.dfu
File: ot1enc.dfu 2022/06/07 v1.3c UTF-8 support
   defining Unicode char U+00A0 (decimal 160)
   defining Unicode char U+00A1 (decimal 161)
   defining Unicode char U+00A3 (decimal 163)
   defining Unicode char U+00AD (decimal 173)
   defining Unicode char U+00B8 (decimal 184)
   defining Unicode char U+00BF (decimal 191)
   defining Unicode char U+00C5 (decimal 197)
   defining Unicode char U+00C6 (decimal 198)
   defining Unicode char U+00D8 (decimal 216)
   defining Unicode char U+00DF (decimal 223)
   defining Unicode char U+00E6 (decimal 230)
   defining Unicode char U+00EC (decimal 236)
   defining Unicode char U+00ED (decimal 237)
   defining Unicode char U+00EE (decimal 238)
   defining Unicode char U+00EF (decimal 239)
   defining Unicode char U+00F8 (decimal 248)
   defining Unicode char U+0131 (decimal 305)
   defining Unicode char U+0141 (decimal 321)
   defining Unicode char U+0142 (decimal 322)
   defining Unicode char U+0152 (decimal 338)
   defining Unicode char U+0153 (decimal 339)
   defining Unicode char U+0174 (decimal 372)
   defining Unicode char U+0175 (decimal 373)
   defining Unicode char U+0176 (decimal 374)
   defining Unicode char U+0177 (decimal 375)
   defining Unicode char U+0218 (decimal 536)
   defining Unicode char U+0219 (decimal 537)
   defining Unicode char U+021A (decimal 538)
   defining Unicode char U+021B (decimal 539)
   defining Unicode char U+0237 (decimal 567)
   defining Unicode char U+2013 (decimal 8211)
   defining Unicode char U+2014 (decimal 8212)
   defining Unicode char U+2018 (decimal 8216)
   defining Unicode char U+2019 (decimal 8217)
   defining Unicode char U+201C (decimal 8220)
   defining Unicode char U+201D (decimal 8221)
   defining Unicode char U+FB00 (decimal 64256)
   defining Unicode char U+FB01 (decimal 64257)
   defining Unicode char U+FB02 (decimal 64258)
   defining Unicode char U+FB03 (decimal 64259)
   defining Unicode char U+FB04 (decimal 64260)
   defining Unicode char U+FB05 (decimal 64261)
   defining Unicode char U+FB06 (decimal 64262)
)
Now handling font encoding T1 ...
... processing UTF-8 mapping file for font encoding T1
 (c:/texlive/2025/texmf-dist/tex/latex/base/t1enc.dfu
File: t1enc.dfu 2022/06/07 v1.3c UTF-8 support
   defining Unicode char U+00A0 (decimal 160)
   defining Unicode char U+00A1 (decimal 161)
   defining Unicode char U+00A3 (decimal 163)
   defining Unicode char U+00AB (decimal 171)
   defining Unicode char U+00AD (decimal 173)
   defining Unicode char U+00BB (decimal 187)
   defining Unicode char U+00BF (decimal 191)
   defining Unicode char U+00C0 (decimal 192)
   defining Unicode char U+00C1 (decimal 193)
   defining Unicode char U+00C2 (decimal 194)
   defining Unicode char U+00C3 (decimal 195)
   defining Unicode char U+00C4 (decimal 196)
   defining Unicode char U+00C5 (decimal 197)
   defining Unicode char U+00C6 (decimal 198)
   defining Unicode char U+00C7 (decimal 199)
   defining Unicode char U+00C8 (decimal 200)
   defining Unicode char U+00C9 (decimal 201)
   defining Unicode char U+00CA (decimal 202)
   defining Unicode char U+00CB (decimal 203)
   defining Unicode char U+00CC (decimal 204)
   defining Unicode char U+00CD (decimal 205)
   defining Unicode char U+00CE (decimal 206)
   defining Unicode char U+00CF (decimal 207)
   defining Unicode char U+00D0 (decimal 208)
   defining Unicode char U+00D1 (decimal 209)
   defining Unicode char U+00D2 (decimal 210)
   defining Unicode char U+00D3 (decimal 211)
   defining Unicode char U+00D4 (decimal 212)
   defining Unicode char U+00D5 (decimal 213)
   defining Unicode char U+00D6 (decimal 214)
   defining Unicode char U+00D8 (decimal 216)
   defining Unicode char U+00D9 (decimal 217)
   defining Unicode char U+00DA (decimal 218)
   defining Unicode char U+00DB (decimal 219)
   defining Unicode char U+00DC (decimal 220)
   defining Unicode char U+00DD (decimal 221)
   defining Unicode char U+00DE (decimal 222)
   defining Unicode char U+00DF (decimal 223)
   defining Unicode char U+00E0 (decimal 224)
   defining Unicode char U+00E1 (decimal 225)
   defining Unicode char U+00E2 (decimal 226)
   defining Unicode char U+00E3 (decimal 227)
   defining Unicode char U+00E4 (decimal 228)
   defining Unicode char U+00E5 (decimal 229)
   defining Unicode char U+00E6 (decimal 230)
   defining Unicode char U+00E7 (decimal 231)
   defining Unicode char U+00E8 (decimal 232)
   defining Unicode char U+00E9 (decimal 233)
   defining Unicode char U+00EA (decimal 234)
   defining Unicode char U+00EB (decimal 235)
   defining Unicode char U+00EC (decimal 236)
   defining Unicode char U+00ED (decimal 237)
   defining Unicode char U+00EE (decimal 238)
   defining Unicode char U+00EF (decimal 239)
   defining Unicode char U+00F0 (decimal 240)
   defining Unicode char U+00F1 (decimal 241)
   defining Unicode char U+00F2 (decimal 242)
   defining Unicode char U+00F3 (decimal 243)
   defining Unicode char U+00F4 (decimal 244)
   defining Unicode char U+00F5 (decimal 245)
   defining Unicode char U+00F6 (decimal 246)
   defining Unicode char U+00F8 (decimal 248)
   defining Unicode char U+00F9 (decimal 249)
   defining Unicode char U+00FA (decimal 250)
   defining Unicode char U+00FB (decimal 251)
   defining Unicode char U+00FC (decimal 252)
   defining Unicode char U+00FD (decimal 253)
   defining Unicode char U+00FE (decimal 254)
   defining Unicode char U+00FF (decimal 255)
   defining Unicode char U+0100 (decimal 256)
   defining Unicode char U+0101 (decimal 257)
   defining Unicode char U+0102 (decimal 258)
   defining Unicode char U+0103 (decimal 259)
   defining Unicode char U+0104 (decimal 260)
   defining Unicode char U+0105 (decimal 261)
   defining Unicode char U+0106 (decimal 262)
   defining Unicode char U+0107 (decimal 263)
   defining Unicode char U+0108 (decimal 264)
   defining Unicode char U+0109 (decimal 265)
   defining Unicode char U+010A (decimal 266)
   defining Unicode char U+010B (decimal 267)
   defining Unicode char U+010C (decimal 268)
   defining Unicode char U+010D (decimal 269)
   defining Unicode char U+010E (decimal 270)
   defining Unicode char U+010F (decimal 271)
   defining Unicode char U+0110 (decimal 272)
   defining Unicode char U+0111 (decimal 273)
   defining Unicode char U+0112 (decimal 274)
   defining Unicode char U+0113 (decimal 275)
   defining Unicode char U+0114 (decimal 276)
   defining Unicode char U+0115 (decimal 277)
   defining Unicode char U+0116 (decimal 278)
   defining Unicode char U+0117 (decimal 279)
   defining Unicode char U+0118 (decimal 280)
   defining Unicode char U+0119 (decimal 281)
   defining Unicode char U+011A (decimal 282)
   defining Unicode char U+011B (decimal 283)
   defining Unicode char U+011C (decimal 284)
   defining Unicode char U+011D (decimal 285)
   defining Unicode char U+011E (decimal 286)
   defining Unicode char U+011F (decimal 287)
   defining Unicode char U+0120 (decimal 288)
   defining Unicode char U+0121 (decimal 289)
   defining Unicode char U+0122 (decimal 290)
   defining Unicode char U+0123 (decimal 291)
   defining Unicode char U+0124 (decimal 292)
   defining Unicode char U+0125 (decimal 293)
   defining Unicode char U+0128 (decimal 296)
   defining Unicode char U+0129 (decimal 297)
   defining Unicode char U+012A (decimal 298)
   defining Unicode char U+012B (decimal 299)
   defining Unicode char U+012C (decimal 300)
   defining Unicode char U+012D (decimal 301)
   defining Unicode char U+012E (decimal 302)
   defining Unicode char U+012F (decimal 303)
   defining Unicode char U+0130 (decimal 304)
   defining Unicode char U+0131 (decimal 305)
   defining Unicode char U+0132 (decimal 306)
   defining Unicode char U+0133 (decimal 307)
   defining Unicode char U+0134 (decimal 308)
   defining Unicode char U+0135 (decimal 309)
   defining Unicode char U+0136 (decimal 310)
   defining Unicode char U+0137 (decimal 311)
   defining Unicode char U+0139 (decimal 313)
   defining Unicode char U+013A (decimal 314)
   defining Unicode char U+013B (decimal 315)
   defining Unicode char U+013C (decimal 316)
   defining Unicode char U+013D (decimal 317)
   defining Unicode char U+013E (decimal 318)
   defining Unicode char U+0141 (decimal 321)
   defining Unicode char U+0142 (decimal 322)
   defining Unicode char U+0143 (decimal 323)
   defining Unicode char U+0144 (decimal 324)
   defining Unicode char U+0145 (decimal 325)
   defining Unicode char U+0146 (decimal 326)
   defining Unicode char U+0147 (decimal 327)
   defining Unicode char U+0148 (decimal 328)
   defining Unicode char U+014A (decimal 330)
   defining Unicode char U+014B (decimal 331)
   defining Unicode char U+014C (decimal 332)
   defining Unicode char U+014D (decimal 333)
   defining Unicode char U+014E (decimal 334)
   defining Unicode char U+014F (decimal 335)
   defining Unicode char U+0150 (decimal 336)
   defining Unicode char U+0151 (decimal 337)
   defining Unicode char U+0152 (decimal 338)
   defining Unicode char U+0153 (decimal 339)
   defining Unicode char U+0154 (decimal 340)
   defining Unicode char U+0155 (decimal 341)
   defining Unicode char U+0156 (decimal 342)
   defining Unicode char U+0157 (decimal 343)
   defining Unicode char U+0158 (decimal 344)
   defining Unicode char U+0159 (decimal 345)
   defining Unicode char U+015A (decimal 346)
   defining Unicode char U+015B (decimal 347)
   defining Unicode char U+015C (decimal 348)
   defining Unicode char U+015D (decimal 349)
   defining Unicode char U+015E (decimal 350)
   defining Unicode char U+015F (decimal 351)
   defining Unicode char U+0160 (decimal 352)
   defining Unicode char U+0161 (decimal 353)
   defining Unicode char U+0162 (decimal 354)
   defining Unicode char U+0163 (decimal 355)
   defining Unicode char U+0164 (decimal 356)
   defining Unicode char U+0165 (decimal 357)
   defining Unicode char U+0168 (decimal 360)
   defining Unicode char U+0169 (decimal 361)
   defining Unicode char U+016A (decimal 362)
   defining Unicode char U+016B (decimal 363)
   defining Unicode char U+016C (decimal 364)
   defining Unicode char U+016D (decimal 365)
   defining Unicode char U+016E (decimal 366)
   defining Unicode char U+016F (decimal 367)
   defining Unicode char U+0170 (decimal 368)
   defining Unicode char U+0171 (decimal 369)
   defining Unicode char U+0172 (decimal 370)
   defining Unicode char U+0173 (decimal 371)
   defining Unicode char U+0174 (decimal 372)
   defining Unicode char U+0175 (decimal 373)
   defining Unicode char U+0176 (decimal 374)
   defining Unicode char U+0177 (decimal 375)
   defining Unicode char U+0178 (decimal 376)
   defining Unicode char U+0179 (decimal 377)
   defining Unicode char U+017A (decimal 378)
   defining Unicode char U+017B (decimal 379)
   defining Unicode char U+017C (decimal 380)
   defining Unicode char U+017D (decimal 381)
   defining Unicode char U+017E (decimal 382)
   defining Unicode char U+01C4 (decimal 452)
   defining Unicode char U+01C5 (decimal 453)
   defining Unicode char U+01C6 (decimal 454)
   defining Unicode char U+01C7 (decimal 455)
   defining Unicode char U+01C8 (decimal 456)
   defining Unicode char U+01C9 (decimal 457)
   defining Unicode char U+01CA (decimal 458)
   defining Unicode char U+01CB (decimal 459)
   defining Unicode char U+01CC (decimal 460)
   defining Unicode char U+01CD (decimal 461)
   defining Unicode char U+01CE (decimal 462)
   defining Unicode char U+01CF (decimal 463)
   defining Unicode char U+01D0 (decimal 464)
   defining Unicode char U+01D1 (decimal 465)
   defining Unicode char U+01D2 (decimal 466)
   defining Unicode char U+01D3 (decimal 467)
   defining Unicode char U+01D4 (decimal 468)
   defining Unicode char U+01E2 (decimal 482)
   defining Unicode char U+01E3 (decimal 483)
   defining Unicode char U+01E6 (decimal 486)
   defining Unicode char U+01E7 (decimal 487)
   defining Unicode char U+01E8 (decimal 488)
   defining Unicode char U+01E9 (decimal 489)
   defining Unicode char U+01EA (decimal 490)
   defining Unicode char U+01EB (decimal 491)
   defining Unicode char U+01F0 (decimal 496)
   defining Unicode char U+01F4 (decimal 500)
   defining Unicode char U+01F5 (decimal 501)
   defining Unicode char U+0218 (decimal 536)
   defining Unicode char U+0219 (decimal 537)
   defining Unicode char U+021A (decimal 538)
   defining Unicode char U+021B (decimal 539)
   defining Unicode char U+0232 (decimal 562)
   defining Unicode char U+0233 (decimal 563)
   defining Unicode char U+0237 (decimal 567)
   defining Unicode char U+02D9 (decimal 729)
   defining Unicode char U+02DB (decimal 731)
   defining Unicode char U+1E02 (decimal 7682)
   defining Unicode char U+1E03 (decimal 7683)
   defining Unicode char U+1E0D (decimal 7693)
   defining Unicode char U+1E1E (decimal 7710)
   defining Unicode char U+1E1F (decimal 7711)
   defining Unicode char U+1E25 (decimal 7717)
   defining Unicode char U+1E30 (decimal 7728)
   defining Unicode char U+1E31 (decimal 7729)
   defining Unicode char U+1E37 (decimal 7735)
   defining Unicode char U+1E8E (decimal 7822)
   defining Unicode char U+1E8F (decimal 7823)
   defining Unicode char U+1E43 (decimal 7747)
   defining Unicode char U+1E45 (decimal 7749)
   defining Unicode char U+1E47 (decimal 7751)
   defining Unicode char U+1E5B (decimal 7771)
   defining Unicode char U+1E63 (decimal 7779)
   defining Unicode char U+1E6D (decimal 7789)
   defining Unicode char U+1E90 (decimal 7824)
   defining Unicode char U+1E91 (decimal 7825)
   defining Unicode char U+1E9E (decimal 7838)
   defining Unicode char U+1EF2 (decimal 7922)
   defining Unicode char U+1EF3 (decimal 7923)
   defining Unicode char U+200C (decimal 8204)
   defining Unicode char U+2010 (decimal 8208)
   defining Unicode char U+2011 (decimal 8209)
   defining Unicode char U+2012 (decimal 8210)
   defining Unicode char U+2013 (decimal 8211)
   defining Unicode char U+2014 (decimal 8212)
   defining Unicode char U+2015 (decimal 8213)
   defining Unicode char U+2018 (decimal 8216)
   defining Unicode char U+2019 (decimal 8217)
   defining Unicode char U+201A (decimal 8218)
   defining Unicode char U+201C (decimal 8220)
   defining Unicode char U+201D (decimal 8221)
   defining Unicode char U+201E (decimal 8222)
   defining Unicode char U+2030 (decimal 8240)
   defining Unicode char U+2031 (decimal 8241)
   defining Unicode char U+2039 (decimal 8249)
   defining Unicode char U+203A (decimal 8250)
   defining Unicode char U+2423 (decimal 9251)
   defining Unicode char U+1E20 (decimal 7712)
   defining Unicode char U+1E21 (decimal 7713)
   defining Unicode char U+FB00 (decimal 64256)
   defining Unicode char U+FB01 (decimal 64257)
   defining Unicode char U+FB02 (decimal 64258)
   defining Unicode char U+FB03 (decimal 64259)
   defining Unicode char U+FB04 (decimal 64260)
   defining Unicode char U+FB05 (decimal 64261)
   defining Unicode char U+FB06 (decimal 64262)
)
Now handling font encoding TS1 ...
... processing UTF-8 mapping file for font encoding TS1
 (c:/texlive/2025/texmf-dist/tex/latex/base/ts1enc.dfu
File: ts1enc.dfu 2022/06/07 v1.3c UTF-8 support
   defining Unicode char U+00A2 (decimal 162)
   defining Unicode char U+00A3 (decimal 163)
   defining Unicode char U+00A4 (decimal 164)
   defining Unicode char U+00A5 (decimal 165)
   defining Unicode char U+00A6 (decimal 166)
   defining Unicode char U+00A7 (decimal 167)
   defining Unicode char U+00A8 (decimal 168)
   defining Unicode char U+00A9 (decimal 169)
   defining Unicode char U+00AA (decimal 170)
   defining Unicode char U+00AC (decimal 172)
   defining Unicode char U+00AE (decimal 174)
   defining Unicode char U+00AF (decimal 175)
   defining Unicode char U+00B0 (decimal 176)
   defining Unicode char U+00B1 (decimal 177)
   defining Unicode char U+00B2 (decimal 178)
   defining Unicode char U+00B3 (decimal 179)
   defining Unicode char U+00B4 (decimal 180)
   defining Unicode char U+00B5 (decimal 181)
   defining Unicode char U+00B6 (decimal 182)
   defining Unicode char U+00B7 (decimal 183)
   defining Unicode char U+00B9 (decimal 185)
   defining Unicode char U+00BA (decimal 186)
   defining Unicode char U+00BC (decimal 188)
   defining Unicode char U+00BD (decimal 189)
   defining Unicode char U+00BE (decimal 190)
   defining Unicode char U+00D7 (decimal 215)
   defining Unicode char U+00F7 (decimal 247)
   defining Unicode char U+0192 (decimal 402)
   defining Unicode char U+02C7 (decimal 711)
   defining Unicode char U+02D8 (decimal 728)
   defining Unicode char U+02DD (decimal 733)
   defining Unicode char U+0E3F (decimal 3647)
   defining Unicode char U+2016 (decimal 8214)
   defining Unicode char U+2020 (decimal 8224)
   defining Unicode char U+2021 (decimal 8225)
   defining Unicode char U+2022 (decimal 8226)
   defining Unicode char U+2030 (decimal 8240)
   defining Unicode char U+2031 (decimal 8241)
   defining Unicode char U+203B (decimal 8251)
   defining Unicode char U+203D (decimal 8253)
   defining Unicode char U+2044 (decimal 8260)
   defining Unicode char U+204E (decimal 8270)
   defining Unicode char U+2052 (decimal 8274)
   defining Unicode char U+20A1 (decimal 8353)
   defining Unicode char U+20A4 (decimal 8356)
   defining Unicode char U+20A6 (decimal 8358)
   defining Unicode char U+20A9 (decimal 8361)
   defining Unicode char U+20AB (decimal 8363)
   defining Unicode char U+20AC (decimal 8364)
   defining Unicode char U+20B1 (decimal 8369)
   defining Unicode char U+2103 (decimal 8451)
   defining Unicode char U+2116 (decimal 8470)
   defining Unicode char U+2117 (decimal 8471)
   defining Unicode char U+211E (decimal 8478)
   defining Unicode char U+2120 (decimal 8480)
   defining Unicode char U+2122 (decimal 8482)
   defining Unicode char U+2126 (decimal 8486)
   defining Unicode char U+2127 (decimal 8487)
   defining Unicode char U+212E (decimal 8494)
   defining Unicode char U+2190 (decimal 8592)
   defining Unicode char U+2191 (decimal 8593)
   defining Unicode char U+2192 (decimal 8594)
   defining Unicode char U+2193 (decimal 8595)
   defining Unicode char U+2329 (decimal 9001)
   defining Unicode char U+3008 (decimal 12296)
   defining Unicode char U+232A (decimal 9002)
   defining Unicode char U+3009 (decimal 12297)
   defining Unicode char U+2422 (decimal 9250)
   defining Unicode char U+25E6 (decimal 9702)
   defining Unicode char U+25EF (decimal 9711)
   defining Unicode char U+266A (decimal 9834)
   defining Unicode char U+27E8 (decimal 10216)
   defining Unicode char U+27E9 (decimal 10217)
   defining Unicode char U+FEFF (decimal 65279)
)
Now handling font encoding OMX ...
... no UTF-8 mapping file for font encoding OMX
Now handling font encoding U ...
... no UTF-8 mapping file for font encoding U
Now handling font encoding PD1 ...
... no UTF-8 mapping file for font encoding PD1
Now handling font encoding PU ...
... no UTF-8 mapping file for font encoding PU
   defining Unicode char U+00A9 (decimal 169)
   defining Unicode char U+00AA (decimal 170)
   defining Unicode char U+00AE (decimal 174)
   defining Unicode char U+00BA (decimal 186)
   defining Unicode char U+02C6 (decimal 710)
   defining Unicode char U+02DC (decimal 732)
   defining Unicode char U+200C (decimal 8204)
   defining Unicode char U+2026 (decimal 8230)
   defining Unicode char U+2122 (decimal 8482)
   defining Unicode char U+2423 (decimal 9251)
   defining Unicode char U+FEFF (decimal 65279)
) (c:/texlive/2025/texmf-dist/tex/latex/pdfpages/pdfpages.sty
Package: pdfpages 2025/07/23 v0.6g Insert pages of external PDF documents (AM)
 (c:/texlive/2025/texmf-dist/tex/latex/tools/calc.sty
Package: calc 2025/03/01 v4.3b Infix arithmetic (KKT,FJ)
\calc@Acount=\count385
\calc@Bcount=\count386
\calc@Adimen=\dimen187
\calc@Bdimen=\dimen188
\calc@Askip=\skip68
\calc@Bskip=\skip69
LaTeX Info: Redefining \setlength on input line 86.
LaTeX Info: Redefining \addtolength on input line 87.
\calc@Ccount=\count387
\calc@Cskip=\skip70
) (c:/texlive/2025/texmf-dist/tex/latex/eso-pic/eso-pic.sty
Package: eso-pic 2025/12/10 v3.0d eso-pic (RN)
\ESO@tempdima=\dimen189
\ESO@tempdimb=\dimen190
) (c:/texlive/2025/texmf-dist/tex/latex/graphics/graphicx.sty
Package: graphicx 2024/12/31 v1.2e Enhanced LaTeX Graphics (DPC,SPQR)
 (c:/texlive/2025/texmf-dist/tex/latex/graphics/graphics.sty
Package: graphics 2024/08/06 v1.4g Standard LaTeX Graphics (DPC,SPQR)
 (c:/texlive/2025/texmf-dist/tex/latex/graphics/trig.sty
Package: trig 2023/12/02 v1.11 sin cos tan (DPC)
) (c:/texlive/2025/texmf-dist/tex/latex/graphics-cfg/graphics.cfg
File: graphics.cfg 2016/06/04 v1.11 sample graphics configuration
)
Package graphics Info: Driver file: pdftex.def on input line 106.
)
\Gin@req@height=\dimen191
\Gin@req@width=\dimen192
)
\AM@pagewidth=\dimen193
\AM@pageheight=\dimen194
\AM@fboxrule=\dimen195
 (c:/texlive/2025/texmf-dist/tex/latex/pdfpages/pppdftex.def
File: pppdftex.def 2025/07/23 v0.6g Pdfpages driver for pdfTeX (AM)
)
\pdfpages@includegraphics@status=\count388
\AM@pagebox=\box62
\AM@global@opts=\toks58
\AM@pagecnt=\count389
\AM@toc@title=\toks59
\AM@lof@heading=\toks60
\c@AM@survey=\count390
\AM@templatesizebox=\box63
) (c:/texlive/2025/texmf-dist/tex/latex/parskip/parskip.sty
Package: parskip 2021-03-14 v2.0h non-zero parskip adjustments
) (c:/texlive/2025/texmf-dist/tex/latex/setspace/setspace.sty
Package: setspace 2022/12/04 v6.7b set line spacing
) (c:/texlive/2025/texmf-dist/tex/latex/ragged2e/ragged2e.sty
Package: ragged2e 2023/06/22 v3.6 ragged2e Package
\CenteringLeftskip=\skip71
\RaggedLeftLeftskip=\skip72
\RaggedRightLeftskip=\skip73
\CenteringRightskip=\skip74
\RaggedLeftRightskip=\skip75
\RaggedRightRightskip=\skip76
\CenteringParfillskip=\skip77
\RaggedLeftParfillskip=\skip78
\RaggedRightParfillskip=\skip79
\JustifyingParfillskip=\skip80
\CenteringParindent=\skip81
\RaggedLeftParindent=\skip82
\RaggedRightParindent=\skip83
\JustifyingParindent=\skip84
) (c:/texlive/2025/texmf-dist/tex/latex/geometry/geometry.sty
Package: geometry 2020/01/02 v5.9 Page Geometry
 (c:/texlive/2025/texmf-dist/tex/generic/iftex/ifvtex.sty
Package: ifvtex 2019/10/25 v1.7 ifvtex legacy package. Use iftex instead.
)
\Gm@cnth=\count391
\Gm@cntv=\count392
\c@Gm@tempcnt=\count393
\Gm@bindingoffset=\dimen196
\Gm@wd@mp=\dimen197
\Gm@odd@mp=\dimen198
\Gm@even@mp=\dimen199
\Gm@layoutwidth=\dimen256
\Gm@layoutheight=\dimen257
\Gm@layouthoffset=\dimen258
\Gm@layoutvoffset=\dimen259
\Gm@dimlist=\toks61
) (c:/texlive/2025/texmf-dist/tex/latex/hyphenat/hyphenat.sty
Package: hyphenat 2009/09/02 v2.3c hyphenation utilities
\langwohyphens=\language91
LaTeX Info: Redefining \_ on input line 43.
) (c:/texlive/2025/texmf-dist/tex/latex/microtype/microtype.sty
Package: microtype 2025/07/09 v3.2b Micro-typographical refinements (RS)
\MT@toks=\toks62
\MT@tempbox=\box64
\MT@count=\count394
LaTeX Info: Redefining \noprotrusionifhmode on input line 1087.
LaTeX Info: Redefining \leftprotrusion on input line 1088.
\MT@prot@toks=\toks63
LaTeX Info: Redefining \rightprotrusion on input line 1107.
LaTeX Info: Redefining \textls on input line 1449.
\MT@outer@kern=\dimen260
LaTeX Info: Redefining \microtypecontext on input line 2053.
LaTeX Info: Redefining \textmicrotypecontext on input line 2070.
\MT@listname@count=\count395
 (c:/texlive/2025/texmf-dist/tex/latex/microtype/microtype-pdftex.def
File: microtype-pdftex.def 2025/07/09 v3.2b Definitions specific to pdftex (RS)
LaTeX Info: Redefining \lsstyle on input line 944.
LaTeX Info: Redefining \lslig on input line 944.
\MT@outer@space=\skip85
)
Package microtype Info: Loading configuration file microtype.cfg.
 (c:/texlive/2025/texmf-dist/tex/latex/microtype/microtype.cfg
File: microtype.cfg 2025/07/09 v3.2b microtype main configuration file (RS)
)
LaTeX Info: Redefining \microtypesetup on input line 3065.
) (c:/texlive/2025/texmf-dist/tex/latex/base/fontenc.sty
Package: fontenc 2025/07/18 v2.1d Standard LaTeX package
) (c:/texlive/2025/texmf-dist/tex/latex/base/inputenc.sty
Package: inputenc 2024/02/08 v1.3d Input encoding file
) (c:/texlive/2025/texmf-dist/tex/latex/tex-gyre/tgheros.sty
Package: tgheros 2009/09/27 v1.2 TeX Gyre Heros as default sans serif family
) (c:/texlive/2025/texmf-dist/tex/latex/tex-gyre/tgtermes.sty
Package: tgtermes 2009/09/27 v1.2 TeX Gyre Termes as default roman family
) (c:/texlive/2025/texmf-dist/tex/latex/inconsolata/inconsolata.sty
Package: inconsolata 2019/05/17 v1.12
 `inconsolata-zi4' v1.12, 2019/05/17 Text macros for Inconsolata (msharpe)
\zifour@ocount=\count396
) (c:/texlive/2025/texmf-dist/tex/latex/amsfonts/amssymb.sty
Package: amssymb 2013/01/14 v3.01 AMS font symbols
 (c:/texlive/2025/texmf-dist/tex/latex/amsfonts/amsfonts.sty
Package: amsfonts 2013/01/14 v3.01 Basic AMSFonts support
\symAMSa=\mathgroup4
\symAMSb=\mathgroup5
LaTeX Font Info:    Redeclaring math symbol \hbar on input line 98.
LaTeX Font Info:    Overwriting math alphabet `\mathfrak' in version `bold'
(Font)                  U/euf/m/n --> U/euf/b/n on input line 106.
)) (c:/texlive/2025/texmf-dist/tex/latex/booktabs/booktabs.sty
Package: booktabs 2020/01/12 v1.61803398 Publication quality tables
\heavyrulewidth=\dimen261
\lightrulewidth=\dimen262
\cmidrulewidth=\dimen263
\belowrulesep=\dimen264
\belowbottomsep=\dimen265
\aboverulesep=\dimen266
\abovetopsep=\dimen267
\cmidrulesep=\dimen268
\cmidrulekern=\dimen269
\defaultaddspace=\dimen270
\@cmidla=\count397
\@cmidlb=\count398
\@aboverulesep=\dimen271
\@belowrulesep=\dimen272
\@thisruleclass=\count399
\@lastruleclass=\count400
\@thisrulewidth=\dimen273
) (c:/texlive/2025/texmf-dist/tex/latex/tools/array.sty
Package: array 2025/09/25 v2.6n Tabular extension package (FMi)
\col@sep=\dimen274
\ar@mcellbox=\box65
\extrarowheight=\dimen275
\NC@list=\toks64
\extratabsurround=\skip86
\backup@length=\skip87
\ar@cellbox=\box66
) (c:/texlive/2025/texmf-dist/tex/latex/siunitx/siunitx.sty
Package: siunitx 2025-07-09 v3.4.14 A comprehensive (SI) units package
\l__siunitx_number_uncert_offset_int=\count401
\l__siunitx_number_exponent_fixed_int=\count402
\l__siunitx_number_min_decimal_int=\count403
\l__siunitx_number_min_integer_int=\count404
\l__siunitx_number_round_precision_int=\count405
\l__siunitx_number_lower_threshold_int=\count406
\l__siunitx_number_upper_threshold_int=\count407
\l__siunitx_number_group_first_int=\count408
\l__siunitx_number_group_size_int=\count409
\l__siunitx_number_group_minimum_int=\count410
\l__siunitx_angle_tmp_dim=\dimen276
\l__siunitx_angle_marker_box=\box67
\l__siunitx_angle_unit_box=\box68
\l__siunitx_compound_count_int=\count411
 (c:/texlive/2025/texmf-dist/tex/latex/translations/translations.sty
Package: translations 2022/02/05 v1.12 internationalization of LaTeX2e packages (CN)
)
\l__siunitx_table_tmp_box=\box69
\l__siunitx_table_tmp_dim=\dimen277
\l__siunitx_table_column_width_dim=\dimen278
\l__siunitx_table_integer_box=\box70
\l__siunitx_table_decimal_box=\box71
\l__siunitx_table_uncert_box=\box72
\l__siunitx_table_before_box=\box73
\l__siunitx_table_after_box=\box74
\l__siunitx_table_before_dim=\dimen279
\l__siunitx_table_carry_dim=\dimen280
\l__siunitx_unit_tmp_int=\count412
\l__siunitx_unit_position_int=\count413
\l__siunitx_unit_total_int=\count414
) (c:/texlive/2025/texmf-dist/tex/latex/csquotes/csquotes.sty
Package: csquotes 2024-04-04 v5.2o context-sensitive quotations (JAW)
\csq@reset=\count415
\csq@gtype=\count416
\csq@glevel=\count417
\csq@qlevel=\count418
\csq@maxlvl=\count419
\csq@tshold=\count420
\csq@ltx@everypar=\toks65
 (c:/texlive/2025/texmf-dist/tex/latex/csquotes/csquotes.def
File: csquotes.def 2024-04-04 v5.2o csquotes generic definitions (JAW)
)
Package csquotes Info: Trying to load configuration file 'csquotes.cfg'...
Package csquotes Info: ... configuration file loaded successfully.
 (c:/texlive/2025/texmf-dist/tex/latex/csquotes/csquotes.cfg
File: csquotes.cfg 
)) (c:/texlive/2025/texmf-dist/tex/latex/biblatex/biblatex.sty
Package: biblatex 2025/07/10 v3.21 programmable bibliographies (PK/MW)
 (c:/texlive/2025/texmf-dist/tex/latex/logreq/logreq.sty
Package: logreq 2010/08/04 v1.0 xml request logger
\lrq@indent=\count421
 (c:/texlive/2025/texmf-dist/tex/latex/logreq/logreq.def
File: logreq.def 2010/08/04 v1.0 logreq spec v1.0
))
\c@tabx@nest=\count422
\c@listtotal=\count423
\c@listcount=\count424
\c@liststart=\count425
\c@liststop=\count426
\c@citecount=\count427
\c@citetotal=\count428
\c@multicitecount=\count429
\c@multicitetotal=\count430
\c@instcount=\count431
\c@maxnames=\count432
\c@minnames=\count433
\c@maxitems=\count434
\c@minitems=\count435
\c@citecounter=\count436
\c@maxcitecounter=\count437
\c@savedcitecounter=\count438
\c@uniquelist=\count439
\c@uniquename=\count440
\c@refsection=\count441
\c@refsegment=\count442
\c@maxextratitle=\count443
\c@maxextratitleyear=\count444
\c@maxextraname=\count445
\c@maxextradate=\count446
\c@maxextraalpha=\count447
\c@abbrvpenalty=\count448
\c@highnamepenalty=\count449
\c@lownamepenalty=\count450
\c@maxparens=\count451
\c@parenlevel=\count452
\blx@tempcnta=\count453
\blx@tempcntb=\count454
\blx@tempcntc=\count455
\c@blx@maxsection=\count456
\blx@maxsegment@0=\count457
\blx@notetype=\count458
\blx@parenlevel@text=\count459
\blx@parenlevel@foot=\count460
\blx@sectionciteorder@0=\count461
\blx@sectionciteorderinternal@0=\count462
\blx@entrysetcounter=\count463
\blx@biblioinstance=\count464
\labelnumberwidth=\skip88
\labelalphawidth=\skip89
\biblabelsep=\skip90
\bibitemsep=\skip91
\bibnamesep=\skip92
\bibinitsep=\skip93
\bibparsep=\skip94
\bibhang=\skip95
\blx@bcfin=\read4
\blx@bcfout=\write6
\blx@langwohyphens=\language92
\c@mincomprange=\count465
\c@maxcomprange=\count466
\c@mincompwidth=\count467
Package biblatex Info: Trying to load biblatex default data model...
Package biblatex Info: ... file 'blx-dm.def' found.
 (c:/texlive/2025/texmf-dist/tex/latex/biblatex/blx-dm.def
File: blx-dm.def 2025/07/10 v3.21 biblatex datamodel (PK/MW)
)
Package biblatex Info: Trying to load biblatex style data model...
Package biblatex Info: ... file 'ieee.dbx' not found.
Package biblatex Info: Trying to load biblatex custom data model...
Package biblatex Info: ... file 'biblatex-dm.cfg' not found.
\c@afterword=\count468
\c@savedafterword=\count469
\c@annotator=\count470
\c@savedannotator=\count471
\c@author=\count472
\c@savedauthor=\count473
\c@bookauthor=\count474
\c@savedbookauthor=\count475
\c@commentator=\count476
\c@savedcommentator=\count477
\c@editor=\count478
\c@savededitor=\count479
\c@editora=\count480
\c@savededitora=\count481
\c@editorb=\count482
\c@savededitorb=\count483
\c@editorc=\count484
\c@savededitorc=\count485
\c@foreword=\count486
\c@savedforeword=\count487
\c@holder=\count488
\c@savedholder=\count489
\c@introduction=\count490
\c@savedintroduction=\count491
\c@namea=\count492
\c@savednamea=\count493
\c@nameb=\count494
\c@savednameb=\count495
\c@namec=\count496
\c@savednamec=\count497
\c@translator=\count498
\c@savedtranslator=\count499
\c@shortauthor=\count500
\c@savedshortauthor=\count501
\c@shorteditor=\count502
\c@savedshorteditor=\count503
\c@labelname=\count504
\c@savedlabelname=\count505
\c@institution=\count506
\c@savedinstitution=\count507
\c@lista=\count508
\c@savedlista=\count509
\c@listb=\count510
\c@savedlistb=\count511
\c@listc=\count512
\c@savedlistc=\count513
\c@listd=\count514
\c@savedlistd=\count515
\c@liste=\count516
\c@savedliste=\count517
\c@listf=\count518
\c@savedlistf=\count519
\c@location=\count520
\c@savedlocation=\count521
\c@organization=\count522
\c@savedorganization=\count523
\c@origlocation=\count524
\c@savedoriglocation=\count525
\c@origpublisher=\count526
\c@savedorigpublisher=\count527
\c@publisher=\count528
\c@savedpublisher=\count529
\c@language=\count530
\c@savedlanguage=\count531
\c@origlanguage=\count532
\c@savedoriglanguage=\count533
\c@pageref=\count534
\c@savedpageref=\count535
\shorthandwidth=\skip96
\shortjournalwidth=\skip97
\shortserieswidth=\skip98
\shorttitlewidth=\skip99
\shortauthorwidth=\skip100
\shorteditorwidth=\skip101
\locallabelnumberwidth=\skip102
\locallabelalphawidth=\skip103
\localshorthandwidth=\skip104
\localshortjournalwidth=\skip105
\localshortserieswidth=\skip106
\localshorttitlewidth=\skip107
\localshortauthorwidth=\skip108
\localshorteditorwidth=\skip109
Package biblatex Info: Trying to load compatibility code...
Package biblatex Info: ... file 'blx-compat.def' found.
 (c:/texlive/2025/texmf-dist/tex/latex/biblatex/blx-compat.def
File: blx-compat.def 2025/07/10 v3.21 biblatex compatibility (PK/MW)
)
Package biblatex Info: Trying to load generic definitions...
Package biblatex Info: ... file 'biblatex.def' found.
 (c:/texlive/2025/texmf-dist/tex/latex/biblatex/biblatex.def
File: biblatex.def 2025/07/10 v3.21 biblatex compatibility (PK/MW)
\c@textcitecount=\count536
\c@textcitetotal=\count537
\c@textcitemaxnames=\count538
\c@biburlbigbreakpenalty=\count539
\c@biburlbreakpenalty=\count540
\c@biburlnumpenalty=\count541
\c@biburlucpenalty=\count542
\c@biburllcpenalty=\count543
\biburlbigskip=\muskip19
\biburlnumskip=\muskip20
\biburlucskip=\muskip21
\biburllcskip=\muskip22
\c@smartand=\count544
)
Package biblatex Info: Trying to load bibliography style 'ieee'...
Package biblatex Info: ... file 'ieee.bbx' found.
 (c:/texlive/2025/texmf-dist/tex/latex/biblatex-ieee/ieee.bbx
File: ieee.bbx 2025-08-01 v1.4f biblatex bibliography style
Package biblatex Info: Trying to load bibliography style 'numeric-comp'...
Package biblatex Info: ... file 'numeric-comp.bbx' found.
 (c:/texlive/2025/texmf-dist/tex/latex/biblatex/bbx/numeric-comp.bbx
File: numeric-comp.bbx 2025/07/10 v3.21 biblatex bibliography style (PK/MW)
Package biblatex Info: Trying to load bibliography style 'numeric'...
Package biblatex Info: ... file 'numeric.bbx' found.
 (c:/texlive/2025/texmf-dist/tex/latex/biblatex/bbx/numeric.bbx
File: numeric.bbx 2025/07/10 v3.21 biblatex bibliography style (PK/MW)
Package biblatex Info: Trying to load bibliography style 'standard'...
Package biblatex Info: ... file 'standard.bbx' found.
 (c:/texlive/2025/texmf-dist/tex/latex/biblatex/bbx/standard.bbx
File: standard.bbx 2025/07/10 v3.21 biblatex bibliography style (PK/MW)
\c@bbx:relatedcount=\count545
\c@bbx:relatedtotal=\count546
))))
Package biblatex Info: Trying to load citation style 'ieee-comp'...
Package biblatex Info: ... file 'ieee-comp.cbx' found.
 (c:/texlive/2025/texmf-dist/tex/latex/biblatex-ieee/ieee-comp.cbx
File: ieee-comp.cbx 2025-08-01 v1.4f biblatex citation style
Package biblatex Info: Trying to load citation style 'numeric-comp'...
Package biblatex Info: ... file 'numeric-comp.cbx' found.
 (c:/texlive/2025/texmf-dist/tex/latex/biblatex/cbx/numeric-comp.cbx
File: numeric-comp.cbx 2025/07/10 v3.21 biblatex citation style (PK/MW)
\c@cbx@tempcnta=\count547
\c@cbx@tempcntb=\count548
\c@cbx@tempcntc=\count549
\c@cbx@tempcntd=\count550
Package biblatex Info: Redefining '\cite'.
Package biblatex Info: Redefining '\parencite'.
Package biblatex Info: Redefining '\footcite'.
Package biblatex Info: Redefining '\footcitetext'.
Package biblatex Info: Redefining '\smartcite'.
Package biblatex Info: Redefining '\supercite'.
Package biblatex Info: Redefining '\textcite'.
Package biblatex Info: Redefining '\textcites'.
Package biblatex Info: Redefining '\cites'.
Package biblatex Info: Redefining '\parencites'.
Package biblatex Info: Redefining '\smartcites'.
)
Package biblatex Info: Redefining '\cite'.
Package biblatex Info: Redefining '\supercite'.
Package biblatex Info: Redefining '\cites'.
)
Package biblatex Info: Trying to load configuration file...
Package biblatex Info: ... file 'biblatex.cfg' found.
 (c:/texlive/2025/texmf-dist/tex/latex/biblatex/biblatex.cfg
File: biblatex.cfg 
)
Package biblatex Info: Input encoding 'utf8' detected.
Package biblatex Info: Document encoding is UTF8 ....
 (c:/texlive/2025/texmf-dist/tex/latex/l3kernel/expl3.sty
Package: expl3 2025-11-14 L3 programming layer (loader) 
 (c:/texlive/2025/texmf-dist/tex/latex/l3backend/l3backend-pdftex.def
File: l3backend-pdftex.def 2025-10-09 L3 backend support: PDF output (pdfTeX)
\l__color_backend_stack_int=\count551
))
Package biblatex Info: ... and expl3
(biblatex)             2025-11-14 L3 programming layer (loader) 
(biblatex)             is new enough (at least 2020/04/06),
(biblatex)             setting 'casechanger=expl3'.
 (c:/texlive/2025/texmf-dist/tex/latex/biblatex/blx-case-expl3.sty (c:/texlive/2025/texmf-dist/tex/latex/l3packages/xparse/xparse.sty
Package: xparse 2025-10-09 L3 Experimental document command parser
)
Package: blx-case-expl3 2025/07/10 v3.21 expl3 case changing code for biblatex
)) (c:/texlive/2025/texmf-dist/tex/latex/amscls/amsthm.sty
Package: amsthm 2020/05/29 v2.20.6
\thm@style=\toks66
\thm@bodyfont=\toks67
\thm@headfont=\toks68
\thm@notefont=\toks69
\thm@headpunct=\toks70
\thm@preskip=\skip110
\thm@postskip=\skip111
\thm@headsep=\skip112
\dth@everypar=\toks71
) (c:/texlive/2025/texmf-dist/tex/latex/pgfplots/pgfplots.sty (c:/texlive/2025/texmf-dist/tex/generic/pgfplots/pgfplots.revision.tex)
Package: pgfplots 2025/08/14 v1.18.2 Data Visualization (1.18.2)
 (c:/texlive/2025/texmf-dist/tex/latex/pgf/frontendlayer/tikz.sty (c:/texlive/2025/texmf-dist/tex/latex/pgf/basiclayer/pgf.sty (c:/texlive/2025/texmf-dist/tex/latex/pgf/utilities/pgfrcs.sty (c:/texlive/2025/texmf-dist/tex/generic/pgf/utilities/pgfutil-common.tex
\pgfutil@everybye=\toks72
\pgfutil@tempdima=\dimen281
\pgfutil@tempdimb=\dimen282
) (c:/texlive/2025/texmf-dist/tex/generic/pgf/utilities/pgfutil-latex.def
\pgfutil@abb=\box75
) (c:/texlive/2025/texmf-dist/tex/generic/pgf/utilities/pgfrcs.code.tex (c:/texlive/2025/texmf-dist/tex/generic/pgf/pgf.revision.tex)
Package: pgfrcs 2025-08-29 v3.1.11a (3.1.11a)
))
Package: pgf 2025-08-29 v3.1.11a (3.1.11a)
 (c:/texlive/2025/texmf-dist/tex/latex/pgf/basiclayer/pgfcore.sty (c:/texlive/2025/texmf-dist/tex/latex/pgf/systemlayer/pgfsys.sty (c:/texlive/2025/texmf-dist/tex/generic/pgf/systemlayer/pgfsys.code.tex
Package: pgfsys 2025-08-29 v3.1.11a (3.1.11a)
 (c:/texlive/2025/texmf-dist/tex/generic/pgf/utilities/pgfkeys.code.tex
\pgfkeys@pathtoks=\toks73
\pgfkeys@temptoks=\toks74
 (c:/texlive/2025/texmf-dist/tex/generic/pgf/utilities/pgfkeyslibraryfiltered.code.tex
\pgfkeys@tmptoks=\toks75
))
\pgf@x=\dimen283
\pgf@y=\dimen284
\pgf@xa=\dimen285
\pgf@ya=\dimen286
\pgf@xb=\dimen287
\pgf@yb=\dimen288
\pgf@xc=\dimen289
\pgf@yc=\dimen290
\pgf@xd=\dimen291
\pgf@yd=\dimen292
\w@pgf@writea=\write7
\r@pgf@reada=\read5
\c@pgf@counta=\count552
\c@pgf@countb=\count553
\c@pgf@countc=\count554
\c@pgf@countd=\count555
\t@pgf@toka=\toks76
\t@pgf@tokb=\toks77
\t@pgf@tokc=\toks78
\pgf@sys@id@count=\count556
 (c:/texlive/2025/texmf-dist/tex/generic/pgf/systemlayer/pgf.cfg
File: pgf.cfg 2025-08-29 v3.1.11a (3.1.11a)
)
Driver file for pgf: pgfsys-pdftex.def
 (c:/texlive/2025/texmf-dist/tex/generic/pgf/systemlayer/pgfsys-pdftex.def
File: pgfsys-pdftex.def 2025-08-29 v3.1.11a (3.1.11a)
 (c:/texlive/2025/texmf-dist/tex/generic/pgf/systemlayer/pgfsys-common-pdf.def
File: pgfsys-common-pdf.def 2025-08-29 v3.1.11a (3.1.11a)
))) (c:/texlive/2025/texmf-dist/tex/generic/pgf/systemlayer/pgfsyssoftpath.code.tex
File: pgfsyssoftpath.code.tex 2025-08-29 v3.1.11a (3.1.11a)
\pgfsyssoftpath@smallbuffer@items=\count557
\pgfsyssoftpath@bigbuffer@items=\count558
) (c:/texlive/2025/texmf-dist/tex/generic/pgf/systemlayer/pgfsysprotocol.code.tex
File: pgfsysprotocol.code.tex 2025-08-29 v3.1.11a (3.1.11a)
)) (c:/texlive/2025/texmf-dist/tex/generic/pgf/basiclayer/pgfcore.code.tex
Package: pgfcore 2025-08-29 v3.1.11a (3.1.11a)
 (c:/texlive/2025/texmf-dist/tex/generic/pgf/math/pgfmath.code.tex (c:/texlive/2025/texmf-dist/tex/generic/pgf/math/pgfmathutil.code.tex) (c:/texlive/2025/texmf-dist/tex/generic/pgf/math/pgfmathparser.code.tex
\pgfmath@dimen=\dimen293
\pgfmath@count=\count559
\pgfmath@box=\box76
\pgfmath@toks=\toks79
\pgfmath@stack@operand=\toks80
\pgfmath@stack@operation=\toks81
) (c:/texlive/2025/texmf-dist/tex/generic/pgf/math/pgfmathfunctions.code.tex) (c:/texlive/2025/texmf-dist/tex/generic/pgf/math/pgfmathfunctions.basic.code.tex) (c:/texlive/2025/texmf-dist/tex/generic/pgf/math/pgfmathfunctions.trigonometric.code.tex) (c:/texlive/2025/texmf-dist/tex/generic/pgf/math/pgfmathfunctions.random.code.tex) (c:/texlive/2025/texmf-dist/tex/generic/pgf/math/pgfmathfunctions.comparison.code.tex) (c:/texlive/2025/texmf-dist/tex/generic/pgf/math/pgfmathfunctions.base.code.tex) (c:/texlive/2025/texmf-dist/tex/generic/pgf/math/pgfmathfunctions.round.code.tex) (c:/texlive/2025/texmf-dist/tex/generic/pgf/math/pgfmathfunctions.misc.code.tex) (c:/texlive/2025/texmf-dist/tex/generic/pgf/math/pgfmathfunctions.integerarithmetics.code.tex) (c:/texlive/2025/texmf-dist/tex/generic/pgf/math/pgfmathcalc.code.tex) (c:/texlive/2025/texmf-dist/tex/generic/pgf/math/pgfmathfloat.code.tex
\c@pgfmathroundto@lastzeros=\count560
)) (c:/texlive/2025/texmf-dist/tex/generic/pgf/math/pgfint.code.tex) (c:/texlive/2025/texmf-dist/tex/generic/pgf/basiclayer/pgfcorepoints.code.tex
File: pgfcorepoints.code.tex 2025-08-29 v3.1.11a (3.1.11a)
\pgf@picminx=\dimen294
\pgf@picmaxx=\dimen295
\pgf@picminy=\dimen296
\pgf@picmaxy=\dimen297
\pgf@pathminx=\dimen298
\pgf@pathmaxx=\dimen299
\pgf@pathminy=\dimen300
\pgf@pathmaxy=\dimen301
\pgf@xx=\dimen302
\pgf@xy=\dimen303
\pgf@yx=\dimen304
\pgf@yy=\dimen305
\pgf@zx=\dimen306
\pgf@zy=\dimen307
LaTeX Font Info:    Trying to load font information for T1+qtm on input line 926.
 (c:/texlive/2025/texmf-dist/tex/latex/tex-gyre/t1qtm.fd
File: t1qtm.fd 2009/09/25 v1.2 font definition file for T1/qtm
)) (c:/texlive/2025/texmf-dist/tex/generic/pgf/basiclayer/pgfcorepathconstruct.code.tex
File: pgfcorepathconstruct.code.tex 2025-08-29 v3.1.11a (3.1.11a)
\pgf@path@lastx=\dimen308
\pgf@path@lasty=\dimen309
) (c:/texlive/2025/texmf-dist/tex/generic/pgf/basiclayer/pgfcorepathusage.code.tex
File: pgfcorepathusage.code.tex 2025-08-29 v3.1.11a (3.1.11a)
\pgf@shorten@end@additional=\dimen310
\pgf@shorten@start@additional=\dimen311
) (c:/texlive/2025/texmf-dist/tex/generic/pgf/basiclayer/pgfcorescopes.code.tex
File: pgfcorescopes.code.tex 2025-08-29 v3.1.11a (3.1.11a)
\pgfpic=\box77
\pgf@hbox=\box78
\pgf@layerbox@main=\box79
\pgf@picture@serial@count=\count561
) (c:/texlive/2025/texmf-dist/tex/generic/pgf/basiclayer/pgfcoregraphicstate.code.tex
File: pgfcoregraphicstate.code.tex 2025-08-29 v3.1.11a (3.1.11a)
\pgflinewidth=\dimen312
) (c:/texlive/2025/texmf-dist/tex/generic/pgf/basiclayer/pgfcoretransformations.code.tex
File: pgfcoretransformations.code.tex 2025-08-29 v3.1.11a (3.1.11a)
\pgf@pt@x=\dimen313
\pgf@pt@y=\dimen314
\pgf@pt@temp=\dimen315
) (c:/texlive/2025/texmf-dist/tex/generic/pgf/basiclayer/pgfcorequick.code.tex
File: pgfcorequick.code.tex 2025-08-29 v3.1.11a (3.1.11a)
) (c:/texlive/2025/texmf-dist/tex/generic/pgf/basiclayer/pgfcoreobjects.code.tex
File: pgfcoreobjects.code.tex 2025-08-29 v3.1.11a (3.1.11a)
) (c:/texlive/2025/texmf-dist/tex/generic/pgf/basiclayer/pgfcorepathprocessing.code.tex
File: pgfcorepathprocessing.code.tex 2025-08-29 v3.1.11a (3.1.11a)
) (c:/texlive/2025/texmf-dist/tex/generic/pgf/basiclayer/pgfcorearrows.code.tex
File: pgfcorearrows.code.tex 2025-08-29 v3.1.11a (3.1.11a)
\pgfarrowsep=\dimen316
) (c:/texlive/2025/texmf-dist/tex/generic/pgf/basiclayer/pgfcoreshade.code.tex
File: pgfcoreshade.code.tex 2025-08-29 v3.1.11a (3.1.11a)
\pgf@max=\dimen317
\pgf@sys@shading@range@num=\count562
\pgf@shadingcount=\count563
) (c:/texlive/2025/texmf-dist/tex/generic/pgf/basiclayer/pgfcoreimage.code.tex
File: pgfcoreimage.code.tex 2025-08-29 v3.1.11a (3.1.11a)
) (c:/texlive/2025/texmf-dist/tex/generic/pgf/basiclayer/pgfcoreexternal.code.tex
File: pgfcoreexternal.code.tex 2025-08-29 v3.1.11a (3.1.11a)
\pgfexternal@startupbox=\box80
) (c:/texlive/2025/texmf-dist/tex/generic/pgf/basiclayer/pgfcorelayers.code.tex
File: pgfcorelayers.code.tex 2025-08-29 v3.1.11a (3.1.11a)
) (c:/texlive/2025/texmf-dist/tex/generic/pgf/basiclayer/pgfcoretransparency.code.tex
File: pgfcoretransparency.code.tex 2025-08-29 v3.1.11a (3.1.11a)
) (c:/texlive/2025/texmf-dist/tex/generic/pgf/basiclayer/pgfcorepatterns.code.tex
File: pgfcorepatterns.code.tex 2025-08-29 v3.1.11a (3.1.11a)
) (c:/texlive/2025/texmf-dist/tex/generic/pgf/basiclayer/pgfcorerdf.code.tex
File: pgfcorerdf.code.tex 2025-08-29 v3.1.11a (3.1.11a)
))) (c:/texlive/2025/texmf-dist/tex/generic/pgf/modules/pgfmoduleshapes.code.tex
File: pgfmoduleshapes.code.tex 2025-08-29 v3.1.11a (3.1.11a)
\pgfnodeparttextbox=\box81
) (c:/texlive/2025/texmf-dist/tex/generic/pgf/modules/pgfmoduleplot.code.tex
File: pgfmoduleplot.code.tex 2025-08-29 v3.1.11a (3.1.11a)
) (c:/texlive/2025/texmf-dist/tex/latex/pgf/compatibility/pgfcomp-version-0-65.sty
Package: pgfcomp-version-0-65 2025-08-29 v3.1.11a (3.1.11a)
\pgf@nodesepstart=\dimen318
\pgf@nodesepend=\dimen319
) (c:/texlive/2025/texmf-dist/tex/latex/pgf/compatibility/pgfcomp-version-1-18.sty
Package: pgfcomp-version-1-18 2025-08-29 v3.1.11a (3.1.11a)
)) (c:/texlive/2025/texmf-dist/tex/latex/pgf/utilities/pgffor.sty (c:/texlive/2025/texmf-dist/tex/latex/pgf/utilities/pgfkeys.sty (c:/texlive/2025/texmf-dist/tex/generic/pgf/utilities/pgfkeys.code.tex)) (c:/texlive/2025/texmf-dist/tex/latex/pgf/math/pgfmath.sty (c:/texlive/2025/texmf-dist/tex/generic/pgf/math/pgfmath.code.tex)) (c:/texlive/2025/texmf-dist/tex/generic/pgf/utilities/pgffor.code.tex
Package: pgffor 2025-08-29 v3.1.11a (3.1.11a)
\pgffor@iter=\dimen320
\pgffor@skip=\dimen321
\pgffor@stack=\toks82
\pgffor@toks=\toks83
)) (c:/texlive/2025/texmf-dist/tex/generic/pgf/frontendlayer/tikz/tikz.code.tex
Package: tikz 2025-08-29 v3.1.11a (3.1.11a)
 (c:/texlive/2025/texmf-dist/tex/generic/pgf/libraries/pgflibraryplothandlers.code.tex
File: pgflibraryplothandlers.code.tex 2025-08-29 v3.1.11a (3.1.11a)
\pgf@plot@mark@count=\count564
\pgfplotmarksize=\dimen322
)
\tikz@lastx=\dimen323
\tikz@lasty=\dimen324
\tikz@lastxsaved=\dimen325
\tikz@lastysaved=\dimen326
\tikz@lastmovetox=\dimen327
\tikz@lastmovetoy=\dimen328
\tikzleveldistance=\dimen329
\tikzsiblingdistance=\dimen330
\tikz@figbox=\box82
\tikz@figbox@bg=\box83
\tikz@tempbox=\box84
\tikz@tempbox@bg=\box85
\tikztreelevel=\count565
\tikznumberofchildren=\count566
\tikznumberofcurrentchild=\count567
\tikz@fig@count=\count568
 (c:/texlive/2025/texmf-dist/tex/generic/pgf/modules/pgfmodulematrix.code.tex
File: pgfmodulematrix.code.tex 2025-08-29 v3.1.11a (3.1.11a)
\pgfmatrixcurrentrow=\count569
\pgfmatrixcurrentcolumn=\count570
\pgf@matrix@numberofcolumns=\count571
)
\tikz@expandcount=\count572
 (c:/texlive/2025/texmf-dist/tex/generic/pgf/frontendlayer/tikz/libraries/tikzlibrarytopaths.code.tex
File: tikzlibrarytopaths.code.tex 2025-08-29 v3.1.11a (3.1.11a)
))) (c:/texlive/2025/texmf-dist/tex/generic/pgfplots/pgfplots.code.tex (c:/texlive/2025/texmf-dist/tex/generic/pgfplots/pgfplotscore.code.tex
\t@pgfplots@toka=\toks84
\t@pgfplots@tokb=\toks85
\t@pgfplots@tokc=\toks86
\pgfplots@tmpa=\dimen331
\c@pgfplots@coordindex=\count573
\c@pgfplots@scanlineindex=\count574
 (c:/texlive/2025/texmf-dist/tex/generic/pgfplots/sys/pgfplotssysgeneric.code.tex)) (c:/texlive/2025/texmf-dist/tex/generic/pgfplots/libs/pgfplotslibrary.code.tex) (c:/texlive/2025/texmf-dist/tex/generic/pgfplots/oldpgfcompatib/pgfplotsoldpgfsupp_loader.code.tex (c:/texlive/2025/texmf-dist/tex/generic/pgf/libraries/pgflibraryfpu.code.tex) (c:/texlive/2025/texmf-dist/tex/generic/pgfplots/oldpgfcompatib/pgfplotsoldpgfsupp_pgfutil-common-lists.tex)) (c:/texlive/2025/texmf-dist/tex/generic/pgfplots/util/pgfplotsutil.code.tex (c:/texlive/2025/texmf-dist/tex/generic/pgfplots/liststructure/pgfplotsliststructure.code.tex) (c:/texlive/2025/texmf-dist/tex/generic/pgfplots/liststructure/pgfplotsliststructureext.code.tex) (c:/texlive/2025/texmf-dist/tex/generic/pgfplots/liststructure/pgfplotsarray.code.tex
\c@pgfplotsarray@tmp=\count575
) (c:/texlive/2025/texmf-dist/tex/generic/pgfplots/liststructure/pgfplotsmatrix.code.tex) (c:/texlive/2025/texmf-dist/tex/generic/pgfplots/numtable/pgfplotstableshared.code.tex
\c@pgfplotstable@counta=\count576
\t@pgfplotstable@a=\toks87
) (c:/texlive/2025/texmf-dist/tex/generic/pgfplots/liststructure/pgfplotsdeque.code.tex) (c:/texlive/2025/texmf-dist/tex/generic/pgfplots/util/pgfplotsbinary.code.tex (c:/texlive/2025/texmf-dist/tex/generic/pgfplots/util/pgfplotsbinary.data.code.tex)) (c:/texlive/2025/texmf-dist/tex/generic/pgfplots/util/pgfplotsutil.verb.code.tex)
(c:/texlive/2025/texmf-dist/tex/generic/pgfplots/libs/pgflibrarypgfplots.surfshading.code.tex
\c@pgfplotslibrarysurf@no=\count577
 (c:/texlive/2025/texmf-dist/tex/generic/pgfplots/sys/pgflibrarypgfplots.surfshading.pgfsys-pdftex.def))) (c:/texlive/2025/texmf-dist/tex/generic/pgfplots/util/pgfplotscolormap.code.tex (c:/texlive/2025/texmf-dist/tex/generic/pgfplots/util/pgfplotscolor.code.tex)) (c:/texlive/2025/texmf-dist/tex/generic/pgfplots/pgfplotsstackedplots.code.tex) (c:/texlive/2025/texmf-dist/tex/generic/pgfplots/pgfplotsplothandlers.code.tex (c:/texlive/2025/texmf-dist/tex/generic/pgfplots/pgfplotsmeshplothandler.code.tex (c:/texlive/2025/texmf-dist/tex/generic/pgfplots/pgfplotsmeshplotimage.code.tex))) (c:/texlive/2025/texmf-dist/tex/generic/pgfplots/pgfplots.scaling.code.tex) (c:/texlive/2025/texmf-dist/tex/generic/pgfplots/pgfplotscoordprocessing.code.tex) (c:/texlive/2025/texmf-dist/tex/generic/pgfplots/pgfplots.errorbars.code.tex) (c:/texlive/2025/texmf-dist/tex/generic/pgfplots/pgfplots.markers.code.tex) (c:/texlive/2025/texmf-dist/tex/generic/pgfplots/pgfplotsticks.code.tex) (c:/texlive/2025/texmf-dist/tex/generic/pgfplots/pgfplots.paths.code.tex) (c:/texlive/2025/texmf-dist/tex/generic/pgf/frontendlayer/tikz/libraries/tikzlibrarydecorations.code.tex (c:/texlive/2025/texmf-dist/tex/generic/pgf/modules/pgfmoduledecorations.code.tex
\pgfdecoratedcompleteddistance=\dimen332
\pgfdecoratedremainingdistance=\dimen333
\pgfdecoratedinputsegmentcompleteddistance=\dimen334
\pgfdecoratedinputsegmentremainingdistance=\dimen335
\pgf@decorate@distancetomove=\dimen336
\pgf@decorate@repeatstate=\count578
\pgfdecorationsegmentamplitude=\dimen337
\pgfdecorationsegmentlength=\dimen338
)
\tikz@lib@dec@box=\box86
) (c:/texlive/2025/texmf-dist/tex/generic/pgf/frontendlayer/tikz/libraries/tikzlibrarydecorations.pathmorphing.code.tex (c:/texlive/2025/texmf-dist/tex/generic/pgf/libraries/decorations/pgflibrarydecorations.pathmorphing.code.tex)) (c:/texlive/2025/texmf-dist/tex/generic/pgf/frontendlayer/tikz/libraries/tikzlibrarydecorations.pathreplacing.code.tex (c:/texlive/2025/texmf-dist/tex/generic/pgf/libraries/decorations/pgflibrarydecorations.pathreplacing.code.tex)) (c:/texlive/2025/texmf-dist/tex/generic/pgfplots/libs/tikzlibrarypgfplots.contourlua.code.tex)
\pgfplots@numplots=\count579
\pgfplots@xmin@reg=\dimen339
\pgfplots@xmax@reg=\dimen340
\pgfplots@ymin@reg=\dimen341
\pgfplots@ymax@reg=\dimen342
\pgfplots@zmin@reg=\dimen343
\pgfplots@zmax@reg=\dimen344
) (c:/texlive/2025/texmf-dist/tex/generic/pgf/frontendlayer/tikz/libraries/tikzlibraryplotmarks.code.tex
File: tikzlibraryplotmarks.code.tex 2025-08-29 v3.1.11a (3.1.11a)
 (c:/texlive/2025/texmf-dist/tex/generic/pgf/libraries/pgflibraryplotmarks.code.tex
File: pgflibraryplotmarks.code.tex 2025-08-29 v3.1.11a (3.1.11a)
)))
\c@theorem=\count580
\c@proposition=\count581
\c@lemma=\count582
\c@definition=\count583
\c@remark=\count584
\c@example=\count585
\c@corollary=\count586
 (c:/texlive/2025/texmf-dist/tex/latex/graphbox/graphbox.sty
Package: graphbox 2025/03/25 v1.1.1 extension for graphicx to adjust containing box
\Gin@box@box=\box87
\Gin@box@width=\skip113
\Gin@box@height=\skip114
\Gin@box@raise=\skip115
\Gin@box@hspace=\skip116
\Gin@box@bwidth=\skip117
\Gin@box@bheight=\skip118
) (c:/texlive/2025/texmf-dist/tex/latex/adjustbox/adjustbox.sty
Package: adjustbox 2025/02/26 v1.3c Adjusting TeX boxes (trim, clip, ...)
 (c:/texlive/2025/texmf-dist/tex/latex/adjustbox/adjcalc.sty
Package: adjcalc 2012/05/16 v1.1 Provides advanced setlength with multiple back-ends (calc, etex, pgfmath)
) (c:/texlive/2025/texmf-dist/tex/latex/adjustbox/trimclip.sty
Package: trimclip 2025/02/21 v1.2a Trim and clip general TeX material
 (c:/texlive/2025/texmf-dist/tex/latex/collectbox/collectbox.sty
Package: collectbox 2022/10/17 v0.4c Collect macro arguments as boxes
\collectedbox=\box88
)
\tc@llx=\dimen345
\tc@lly=\dimen346
\tc@urx=\dimen347
\tc@ury=\dimen348
Package trimclip Info: Using driver 'tc-pdftex.def'.
 (c:/texlive/2025/texmf-dist/tex/latex/adjustbox/tc-pdftex.def
File: tc-pdftex.def 2025/02/26 v2.3 Clipping driver for pdftex
))
\adjbox@Width=\dimen349
\adjbox@Height=\dimen350
\adjbox@Depth=\dimen351
\adjbox@Totalheight=\dimen352
\adjbox@pwidth=\dimen353
\adjbox@pheight=\dimen354
\adjbox@pdepth=\dimen355
\adjbox@ptotalheight=\dimen356
 (c:/texlive/2025/texmf-dist/tex/latex/ifoddpage/ifoddpage.sty
Package: ifoddpage 2022/10/18 v1.2 Conditionals for odd/even page detection
\c@checkoddpage=\count587
) (c:/texlive/2025/texmf-dist/tex/latex/varwidth/varwidth.sty
Package: varwidth 2009/03/30 ver 0.92;  Variable-width minipages
\@vwid@box=\box89
\sift@deathcycles=\count588
\@vwid@loff=\dimen357
\@vwid@roff=\dimen358
)
==> First Aid for varwidth.sty applied!
) (c:/texlive/2025/texmf-dist/tex/latex/caption/caption.sty
Package: caption 2023/08/05 v3.6o Customizing captions (AR)
 (c:/texlive/2025/texmf-dist/tex/latex/caption/caption3.sty
Package: caption3 2023/07/31 v2.4d caption3 kernel (AR)
\caption@tempdima=\dimen359
\captionmargin=\dimen360
\caption@leftmargin=\dimen361
\caption@rightmargin=\dimen362
\caption@width=\dimen363
\caption@indent=\dimen364
\caption@parindent=\dimen365
\caption@hangindent=\dimen366
Package caption Info: Standard document class detected.
)
\c@caption@flags=\count589
\c@continuedfloat=\count590
Package caption Info: hyperref package is loaded.
Package caption Info: longtable package is loaded.
 (c:/texlive/2025/texmf-dist/tex/latex/caption/ltcaption.sty
Package: ltcaption 2021/01/08 v1.4c longtable captions (AR)
)
Package caption Info: supertabular package is loaded.
) (c:/texlive/2025/texmf-dist/tex/latex/titlesec/titlesec.sty
Package: titlesec 2025/01/04 v2.17 Sectioning titles
\ttl@box=\box90
\beforetitleunit=\skip119
\aftertitleunit=\skip120
\ttl@plus=\dimen367
\ttl@minus=\dimen368
\ttl@toksa=\toks88
\titlewidth=\dimen369
\titlewidthlast=\dimen370
\titlewidthfirst=\dimen371
) (c:/texlive/2025/texmf-dist/tex/latex/titling/titling.sty
Package: titling 2009/09/04 v2.1d maketitle typesetting
\thanksmarkwidth=\skip121
\thanksmargin=\skip122
\droptitle=\skip123
) (c:/texlive/2025/texmf-dist/tex/generic/xstring/xstring.sty (c:/texlive/2025/texmf-dist/tex/generic/xstring/xstring.tex
\xs_counta=\count591
\xs_countb=\count592
)
Package: xstring 2023/08/22 v1.86 String manipulations (CT)
) (c:/texlive/2025/texmf-dist/tex/latex/listings/listings.sty
\lst@mode=\count593
\lst@gtempboxa=\box91
\lst@token=\toks89
\lst@length=\count594
\lst@currlwidth=\dimen372
\lst@column=\count595
\lst@pos=\count596
\lst@lostspace=\dimen373
\lst@width=\dimen374
\lst@newlines=\count597
\lst@lineno=\count598
\lst@maxwidth=\dimen375
 (c:/texlive/2025/texmf-dist/tex/latex/listings/lstpatch.sty
File: lstpatch.sty 2025/11/14 1.11b (Carsten Heinz)
) (c:/texlive/2025/texmf-dist/tex/latex/listings/lstmisc.sty
File: lstmisc.sty 2025/11/14 1.11b (Carsten Heinz)
\c@lstnumber=\count599
\lst@skipnumbers=\count600
\lst@framebox=\box92
) (c:/texlive/2025/texmf-dist/tex/latex/listings/listings.cfg
File: listings.cfg 2025/11/14 1.11b listings configuration
))
Package: listings 2025/11/14 1.11b (Carsten Heinz)

==> First Aid for listings.sty no longer applied!
    Expected:
        2024/09/23 1.10c (Carsten Heinz)
    but found:
        2025/11/14 1.11b (Carsten Heinz)
    so I'm assuming it got fixed.
(c:/texlive/2025/texmf-dist/tex/latex/listingsutf8/listingsutf8.sty
Package: listingsutf8 2019-12-10 v1.5 Allow UTF-8 in listings input (HO)
))
Package csquotes Info: Checking for multilingual support...
Package csquotes Info: ... found 'babel' package.
Package csquotes Info: Adjusting default style.
Package csquotes Info: Redefining alias 'default' -> 'spanish'.
LaTeX Font Info:    Trying to load font information for T1+qhv on input line 18.
 (c:/texlive/2025/texmf-dist/tex/latex/tex-gyre/t1qhv.fd
File: t1qhv.fd 2009/09/25 v1.2 font definition file for T1/qhv
)

LaTeX Warning: Unused global option(s):
    [proyecto,abstract,glosario].

(./main.aux
LaTeX Info: Redefining \. on input line 12.
LaTeX Info: Redefining \% on input line 12.
LaTeX Info: Redefining \. on input line 20.
LaTeX Info: Redefining \% on input line 20.
 (./Secciones/a1_Resumen.aux) (./Secciones/a2_Abstract.aux) (./Capitulos/00_Introduccion.aux) (./Capitulos/01_Capitulo1.aux) (./Capitulos/02_Capitulo2.aux) (./Capitulos/0a_Conclusiones.aux))
\openout1 = `main.aux'.

LaTeX Font Info:    Checking defaults for OML/cmm/m/it on input line 18.
LaTeX Font Info:    ... okay on input line 18.
LaTeX Font Info:    Checking defaults for OMS/cmsy/m/n on input line 18.
LaTeX Font Info:    ... okay on input line 18.
LaTeX Font Info:    Checking defaults for OT1/cmr/m/n on input line 18.
LaTeX Font Info:    ... okay on input line 18.
LaTeX Font Info:    Checking defaults for T1/cmr/m/n on input line 18.
LaTeX Font Info:    ... okay on input line 18.
LaTeX Font Info:    Checking defaults for TS1/cmr/m/n on input line 18.
LaTeX Font Info:    ... okay on input line 18.
LaTeX Font Info:    Checking defaults for OMX/cmex/m/n on input line 18.
LaTeX Font Info:    ... okay on input line 18.
LaTeX Font Info:    Checking defaults for U/cmr/m/n on input line 18.
LaTeX Font Info:    ... okay on input line 18.
LaTeX Font Info:    Checking defaults for PD1/pdf/m/n on input line 18.
LaTeX Font Info:    ... okay on input line 18.
LaTeX Font Info:    Checking defaults for PU/pdf/m/n on input line 18.
LaTeX Font Info:    ... okay on input line 18.
 (c:/texlive/2025/texmf-dist/tex/context/base/mkii/supp-pdf.mkii
[Loading MPS to PDF converter (version 2006.09.02).]
\scratchcounter=\count601
\scratchdimen=\dimen376
\scratchbox=\box93
\nofMPsegments=\count602
\nofMParguments=\count603
\everyMPshowfont=\toks90
\MPscratchCnt=\count604
\MPscratchDim=\dimen377
\MPnumerator=\count605
\makeMPintoPDFobject=\count606
\everyMPtoPDFconversion=\toks91
) (c:/texlive/2025/texmf-dist/tex/latex/epstopdf-pkg/epstopdf-base.sty
Package: epstopdf-base 2020-01-24 v2.11 Base part for package epstopdf
Package epstopdf-base Info: Redefining graphics rule for `.eps' on input line 485.
 (c:/texlive/2025/texmf-dist/tex/latex/latexconfig/epstopdf-sys.cfg
File: epstopdf-sys.cfg 2010/07/13 v1.3 Configuration of (r)epstopdf for TeX Live
))
LaTeX Info: Redefining \. on input line 18.
LaTeX Info: Redefining \% on input line 18.
Package hyperref Info: Link coloring ON on input line 18.
 (./main.out) (./main.out)
\@outlinefile=\write8
\openout8 = `main.out'.

 (c:/texlive/2025/texmf-dist/tex/latex/pdflscape/pdflscape.sty
Package: pdflscape 2025-06-23 v0.14 Display of landscape pages in PDF
 (c:/texlive/2025/texmf-dist/tex/latex/pdflscape/pdflscape-nometadata.sty
Package: pdflscape-nometadata 2025-06-23 v0.14 Display of landscape pages in PDF (HO)
 (c:/texlive/2025/texmf-dist/tex/latex/graphics/lscape.sty
Package: lscape 2020/05/28 v3.02 Landscape Pages (DPC)
)
Package pdflscape Info: Auto-detected driver: pdftex on input line 81.
))
Couldn't patch \ttl@straight@ii
Couldn't patch \ttl@straight@ii
Couldn't patch \deferred@thm@head!
*geometry* driver: auto-detecting
*geometry* detected driver: pdftex
*geometry* verbose mode - [ preamble ] result:
* driver: pdftex
* paper: <default>
* layout: <same size as paper>
* layoutoffset:(h,v)=(0.0pt,0.0pt)
* modes: 
* h-part:(L,W,R)=(71.13188pt, 472.31573pt, 70.84738pt)
* v-part:(T,H,B)=(71.13188pt, 651.5681pt, 72.27pt)
* \paperwidth=614.295pt
* \paperheight=794.96999pt
* \textwidth=472.31573pt
* \textheight=651.5681pt
* \oddsidemargin=-1.1381pt
* \evensidemargin=-1.1381pt
* \topmargin=-38.1381pt
* \headheight=12.0pt
* \headsep=25.0pt
* \topskip=12.0pt
* \footskip=30.0pt
* \marginparwidth=44.0pt
* \marginparsep=10.0pt
* \columnsep=10.0pt
* \skip\footins=10.8pt plus 4.0pt minus 2.0pt
* \hoffset=0.0pt
* \voffset=0.0pt
* \mag=1000
* \@twocolumnfalse
* \@twosidefalse
* \@mparswitchfalse
* \@reversemarginfalse
* (1in=72.27pt=25.4mm, 1cm=28.453pt)

LaTeX Font Info:    Trying to load font information for U+msa on input line 18.
(c:/texlive/2025/texmf-dist/tex/latex/amsfonts/umsa.fd
File: umsa.fd 2013/01/14 v3.01 AMS symbols A
)
LaTeX Font Info:    Trying to load font information for U+msb on input line 18.
 (c:/texlive/2025/texmf-dist/tex/latex/amsfonts/umsb.fd
File: umsb.fd 2013/01/14 v3.01 AMS symbols B
)
<./Figuras/logoUsach.png, id=101, 1037.8775pt x 1037.8775pt>
File: ./Figuras/logoUsach.png Graphic file (type png)
<use ./Figuras/logoUsach.png>
Package pdftex.def Info: ./Figuras/logoUsach.png  used on input line 18.
(pdftex.def)             Requested size: 85.01495pt x 85.01147pt.
Package microtype Info: Patching varwidth to enable character protrusion.
\MT@vwid@leftmargin=\dimen378
\MT@vwid@rightmargin=\dimen379
LaTeX Info: Redefining \microtypecontext on input line 18.
Package microtype Info: Applying patch `item' on input line 18.
Package microtype Info: Applying patch `toc' on input line 18.
Package microtype Info: Applying patch `eqnum' on input line 18.
Package microtype Info: Applying patch `verbatim' on input line 18.
LaTeX Info: Redefining \microtypesetup on input line 18.
Package microtype Info: Generating PDF output.
Package microtype Info: Character protrusion enabled (level 2).
Package microtype Info: Using default protrusion set `alltext'.
Package microtype Info: Automatic font expansion enabled (level 2),
(microtype)             stretch: 20, shrink: 20, step: 1, non-selected.
Package microtype Info: Using default expansion set `alltext-nott'.
Package microtype Info: Patching command `\showhyphens'.
Package microtype Info: No adjustment of tracking.
Package microtype Info: No adjustment of interword spacing.
Package microtype Info: No adjustment of character kerning.
Package microtype Info: Loading generic protrusion settings for font family
(microtype)             `qhv' (encoding: T1).
(microtype)             For optimal results, create family-specific settings.
(microtype)             See the microtype manual for details.
 (c:/texlive/2025/texmf-dist/tex/latex/upquote/upquote.sty
Package: upquote 2012/04/19 v1.3 upright-quote and grave-accent glyphs in verbatim
) (c:/texlive/2025/texmf-dist/tex/latex/translations/translations-basic-dictionary-spanish.trsl
File: translations-basic-dictionary-spanish.trsl (spanish translation file `translations-basic-dictionary')
)
Package translations Info: loading dictionary `translations-basic-dictionary' for `spanish'. on input line 18.
 (c:/texlive/2025/texmf-dist/tex/latex/translations/translations-basic-dictionary-english.trsl
File: translations-basic-dictionary-english.trsl (english translation file `translations-basic-dictionary')
)
Package translations Info: loading dictionary `translations-basic-dictionary' for `english'. on input line 18.
Package biblatex Info: Trying to load language 'spanish'...
Package biblatex Info: ... file 'spanish.lbx' found.
 (c:/texlive/2025/texmf-dist/tex/latex/biblatex/lbx/spanish.lbx
File: spanish.lbx 2025/07/10 v3.21 biblatex localization (PK/MW)
)
Package biblatex Info: Trying to load language 'english'...
Package biblatex Info: ... file 'english.lbx' found.
 (c:/texlive/2025/texmf-dist/tex/latex/biblatex/lbx/english.lbx
File: english.lbx 2025/07/10 v3.21 biblatex localization (PK/MW)
)
Package biblatex Info: Input encoding 'utf8' detected.
Package biblatex Info: Automatic encoding selection.
(biblatex)             Assuming data encoding 'utf8'.
\openout6 = `main.bcf'.

Package biblatex Info: Trying to load bibliographic data...
Package biblatex Info: ... file 'main.bbl' found.
 (./main.bbl)
Package biblatex Info: Reference section=0 on input line 18.
Package biblatex Info: Reference segment=0 on input line 18.

Package pgfplots notification 'compat/show suggested version=true': document has been generated with the most recent feature set (\pgfplotsset{compat=1.18}).

Package caption Info: Begin \AtBeginDocument code.
Package caption Info: listings package is loaded.
Package caption Info: End \AtBeginDocument code.
\c@lstlisting=\count607
[1

\openout3 = `main.ist'.

{c:/texlive/2025/texmf-dist/fonts/enc/dvips/tex-gyre/q-ec.enc} <./Figuras/logoUsach.png>]
LaTeX Font Info:    Trying to load font information for T1+zi4 on input line 24.
 (c:/texlive/2025/texmf-dist/tex/latex/inconsolata/t1zi4.fd
File: t1zi4.fd 2018/01/14 T1/zi4 (Inconsolata)
)
LaTeX Font Info:    Font shape `T1/zi4/m/n' will be
(Font)              scaled to size 12.0pt on input line 24.
Package microtype Info: Loading generic protrusion settings for font family
(microtype)             `zi4' (encoding: T1).
(microtype)             For optimal results, create family-specific settings.
(microtype)             See the microtype manual for details.
 [2

{c:/texlive/2025/texmf-dist/fonts/enc/dvips/inconsolata/i4-t1-0.enc}]
\openout2 = `Secciones/a1_Resumen.aux'.

 (./Secciones/a1_Resumen.tex)
Package microtype Info: Character `029' is missing
(microtype)             in font `T1/qhv/m/sc/12'.
(microtype)             Ignoring protrusion settings for this character.
 [1


{c:/texlive/2025/texmf-dist/fonts/enc/dvips/tex-gyre/q-ec-sc.enc}]
\openout2 = `Secciones/a2_Abstract.aux'.

 (./Secciones/a2_Abstract.tex
Overfull \hbox (17.25262pt too wide) in paragraph at lines 6--9
[]\T1/qhv/m/n/12 (-20) This re-search pro-po-ses the de-ve-lop-ment of a compu-tatio-nal lahar mo-del using Physics-Informed
 []


Overfull \hbox (18.94128pt too wide) in paragraph at lines 10--14
\T1/qhv/m/n/12 (-20) to-po-graphic re-pre-sen-ta-tion, and spe-ci-fic trai-ning sta-bi-lity stra-te-gies^^Vincluding hard en-for-ce-ment
 []

) [2



] (./main.toc
LaTeX Info: Redefining \sptext on input line 1.
LaTeX Info: Redefining \. on input line 1.
LaTeX Info: Redefining \% on input line 1.
LaTeX Info: Redefining \sptext on input line 2.
LaTeX Info: Redefining \. on input line 2.
LaTeX Info: Redefining \% on input line 2.
)
\tf@toc=\write9
\openout9 = `main.toc'.

 [3



] (./main.lot
LaTeX Info: Redefining \sptext on input line 1.
LaTeX Info: Redefining \. on input line 1.
LaTeX Info: Redefining \% on input line 1.
LaTeX Info: Redefining \sptext on input line 2.
LaTeX Info: Redefining \. on input line 2.
LaTeX Info: Redefining \% on input line 2.
)
\tf@lot=\write10
\openout10 = `main.lot'.

 [4


] (./main.lof
LaTeX Info: Redefining \sptext on input line 1.
LaTeX Info: Redefining \. on input line 1.
LaTeX Info: Redefining \% on input line 1.
LaTeX Info: Redefining \sptext on input line 2.
LaTeX Info: Redefining \. on input line 2.
LaTeX Info: Redefining \% on input line 2.
)
\tf@lof=\write11
\openout11 = `main.lof'.

 [5


]
\openout2 = `Capitulos/00_Introduccion.aux'.

 (./Capitulos/00_Introduccion.tex
pdfTeX warning (ext4): destination with the same identifier (name{page.1}) has been already used, duplicate ignored
<to be read again> 
                   \relax 
l.104 
       [1



]
Overfull \hbox (9.93053pt too wide) in paragraph at lines 110--118
\T1/qhv/m/n/12 (-20) compu-tacio-na-les más co-no-ci-dos se en-cuen-tran: a) LAHARZ, que es un mo-de-lo compu-tacio-nal
 []


pdfTeX warning (ext4): destination with the same identifier (name{page.2}) has been already used, duplicate ignored
<to be read again> 
                   \relax 
l.121 
       [2] (c:/texlive/2025/texmf-dist/tex/latex/microtype/mt-cmr.cfg
File: mt-cmr.cfg 2013/05/19 v2.2 microtype config. file: Computer Modern Roman (RS)
) (c:/texlive/2025/texmf-dist/tex/latex/microtype/mt-msa.cfg
File: mt-msa.cfg 2006/02/04 v1.1 microtype config. file: AMS symbols (a) (RS)
) (c:/texlive/2025/texmf-dist/tex/latex/microtype/mt-msb.cfg
File: mt-msb.cfg 2005/06/01 v1.0 microtype config. file: AMS symbols (b) (RS)
) [3]) [4]
\openout2 = `Capitulos/01_Capitulo1.aux'.

 (./Capitulos/01_Capitulo1.tex
Cap\'{\i }tulo 1.
<./Figuras/esquema_neurona.jpeg, id=259, 1606.0pt x 1085.05376pt>
File: ./Figuras/esquema_neurona.jpeg Graphic file (type jpg)
<use ./Figuras/esquema_neurona.jpeg>
Package pdftex.def Info: ./Figuras/esquema_neurona.jpeg  used on input line 18.
(pdftex.def)             Requested size: 425.08127pt x 287.19019pt.

pdfTeX warning (font expansion): font should be expanded before its first use

LaTeX Warning: `!h' float specifier changed to `!ht'.


pdfTeX warning (font expansion): font should be expanded before its first use
[5




] [6 <./Figuras/esquema_neurona.jpeg>]
<./Figuras/neurona.jpeg, id=283, 1606.0pt x 1136.245pt>
File: ./Figuras/neurona.jpeg Graphic file (type jpg)
<use ./Figuras/neurona.jpeg>
Package pdftex.def Info: ./Figuras/neurona.jpeg  used on input line 72.
(pdftex.def)             Requested size: 401.47125pt x 284.04321pt.
<./Figuras/feedforward.jpeg, id=285, 1606.0pt x 986.68625pt>
File: ./Figuras/feedforward.jpeg Graphic file (type jpg)
<use ./Figuras/feedforward.jpeg>
Package pdftex.def Info: ./Figuras/feedforward.jpeg  used on input line 88.
(pdftex.def)             Requested size: 519.55019pt x 319.20883pt.

Overfull \hbox (47.23445pt too wide) in paragraph at lines 88--89
 [][] 
 []


LaTeX Warning: `!h' float specifier changed to `!ht'.


Overfull \hbox (14.76932pt too wide) in paragraph at lines 94--99
\T1/qhv/m/n/12 (-20) in-ter-me-dias de los da-tos, cap-tu-ran-do pa-tro-nes com-ple-jos y no li-nea-les que se-rían inal-can-za-bles
 []

[7] [8 <./Figuras/neurona.jpeg>] [9 <./Figuras/feedforward.jpeg>]
Overfull \hbox (14.90857pt too wide) in paragraph at lines 113--114
[]\T1/qhv/m/n/12 (-20) La sa-li-da fi-nal de la red, $[] \OT1/cmr/m/n/12 = \OT1/cmr/bx/n/12 h[]$\T1/qhv/m/n/12 (-20) , que-da ex-pre-sa-da co-mo la com-po-si-ción de $\OML/cmm/m/it/12 L$ \T1/qhv/m/n/12 (-20) trans-for-ma-cio-nes
 []

[10]
<./Figuras/relu.png, id=329, 505.89pt x 361.35pt>
File: ./Figuras/relu.png Graphic file (type png)
<use ./Figuras/relu.png>
Package pdftex.def Info: ./Figuras/relu.png  used on input line 161.
(pdftex.def)             Requested size: 377.85402pt x 269.89806pt.
 [11]
<./Figuras/sigmoid.png, id=342, 505.89pt x 361.35pt>
File: ./Figuras/sigmoid.png Graphic file (type png)
<use ./Figuras/sigmoid.png>
Package pdftex.def Info: ./Figuras/sigmoid.png  used on input line 185.
(pdftex.def)             Requested size: 377.85402pt x 269.89806pt.
 [12 <./Figuras/relu.png>] [13 <./Figuras/sigmoid.png>]
Overfull \hbox (12.31952pt too wide) in paragraph at lines 242--244
\T1/qhv/m/n/12 (-20) pro-por-cio-nal-men-te al ta-ma-ño del cua-dra-do del re-si-duo, es-to otor-ga un pe-so con-si-de-ra-ble-men-te
 []

[14] [15] [16]
<./Figuras/pdeloss.jpeg, id=419, 1606.0pt x 1136.245pt>
File: ./Figuras/pdeloss.jpeg Graphic file (type jpg)
<use ./Figuras/pdeloss.jpeg>
Package pdftex.def Info: ./Figuras/pdeloss.jpeg  used on input line 363.
(pdftex.def)             Requested size: 472.31573pt x 334.16644pt.
) [17 <./Figuras/pdeloss.jpeg>]
\openout2 = `Capitulos/02_Capitulo2.aux'.

 (./Capitulos/02_Capitulo2.tex
Cap\'{\i }tulo 2.
[18




]
<figuras/esquema_volcan.jpeg, id=441, 1204.5pt x 1413.28pt>
File: figuras/esquema_volcan.jpeg Graphic file (type jpg)
<use figuras/esquema_volcan.jpeg>
Package pdftex.def Info: figuras/esquema_volcan.jpeg  used on input line 25.
(pdftex.def)             Requested size: 330.61957pt x 387.93079pt.
 [19 <./Figuras/esquema_volcan.jpeg>] [20]
<figuras/esquemalahar.jpeg, id=470, 1606.0pt x 1169.36874pt>
File: figuras/esquemalahar.jpeg Graphic file (type jpg)
<use figuras/esquemalahar.jpeg>
Package pdftex.def Info: figuras/esquemalahar.jpeg  used on input line 63.
(pdftex.def)             Requested size: 377.85402pt x 275.12286pt.
 [21 <./Figuras/esquemalahar.jpeg>]
<figuras/Volcanvillarrica.png, id=479, 844.95676pt x 597.432pt>
File: figuras/Volcanvillarrica.png Graphic file (type png)
<use figuras/Volcanvillarrica.png>
Package pdftex.def Info: figuras/Volcanvillarrica.png  used on input line 77.
(pdftex.def)             Requested size: 425.08127pt x 300.5567pt.
 [22 <./Figuras/VolcanVillarrica.png>]

Package hyperref Warning: Token not allowed in a PDF string (Unicode):
(hyperref)                removing `math shift' on input line 86.


Package hyperref Warning: Token not allowed in a PDF string (Unicode):
(hyperref)                removing `math shift' on input line 86.


Package hyperref Warning: Token not allowed in a PDF string (Unicode):
(hyperref)                removing `math shift' on input line 86.


Package hyperref Warning: Token not allowed in a PDF string (Unicode):
(hyperref)                removing `math shift' on input line 86.

[23]) [24]
\openout2 = `Capitulos/0a_Conclusiones.aux'.

 (./Capitulos/0a_Conclusiones.tex
Overfull \hbox (8.1357pt too wide) in paragraph at lines 13--13
[]\T1/qhv/m/n/12 (-20) En es-ta par-te ter-mi-nan las pá-gi-nas cen-tra-les. A con-ti-nua-ción, se pue-de agre-gar op-ta-ti-va-men-te,
 []

) [25




]

Package glossaries Warning: No \printglossary or \printglossaries found. 
(Remove \makeglossaries if you don't want any glossaries.) 
This document will not have a glossary.

No file main.gls.
[26



]
Overfull \hbox (13.73964pt too wide) in paragraph at lines 79--79
\T1/qhv/m/n/12 (-20) tech-ni-ques for au-to-no-mous dri-ving,^^T \T1/qhv/m/it/12 (-20) Jour-nal of field ro-bo-tics\T1/qhv/m/n/12 (-20) , vol. 37, n.[] 3, págs. 362[]386,
 []


Overfull \hbox (9.45406pt too wide) in paragraph at lines 79--79
\T1/qhv/m/n/12 (-20) Ob-ser-va-tions, Theory and Nu-me-ri-cal Si-mu-la-tion of the Ocean Using Ma-chi-ne Lear-ning,^^T
 []

[27

]
Overfull \hbox (13.87672pt too wide) in paragraph at lines 79--79
\T1/qhv/m/n/12 (-20) di-rec-ción: [][]$\T1/zi4/m/n/12 https : / / www . sciencedirect . com / science / article / pii / S0021999118307125$[][] 
 []


Overfull \hbox (18.01857pt too wide) in paragraph at lines 79--79
\T1/qhv/m/n/12 (-20) Un-man-ned Ae-rial Sys-tem (UAS) Mea-su-re-ments at Vol-cán Vi-lla-rri-ca, Chi-le,^^T \T1/qhv/m/it/12 (-20) Geo-che-mistry,
 []

[28]
Overfull \hbox (1.09435pt too wide) in paragraph at lines 79--79
[]\T1/qhv/m/n/12 (-20) C. Nwank-pa, W. Ijo-mah, A. Ga-cha-gan y S. Marshall, ^^S  Ac-ti-va-tion fun-ctions: Com-pa-ri-son
 []

[29]
Overfull \hbox (18.8319pt too wide) in paragraph at lines 79--79
\T1/qhv/m/n/12 (-20) Patho-lo-gies in Physics-Informed Neu-ral Net-works,^^T \T1/qhv/m/it/12 (-20) SIAM Jour-nal on Scien-ti-fic Com-pu-ting\T1/qhv/m/n/12 (-20) ,
 []


Overfull \hbox (35.82845pt too wide) in paragraph at lines 79--79
[]\T1/qhv/m/n/12 (-20) D. E. Ru-melhart, G. E. Hin-ton y R. J. Wi-lliams, ^^S  Lear-ning re-pre-sen-ta-tions by back-propagating
 []

[30]
Overfull \hbox (10.27779pt too wide) in paragraph at lines 79--79
[]\T1/qhv/m/n/12 (-20) A. Grie-wank y A. Walther, \T1/qhv/m/it/12 (-20) Eva-lua-ting de-ri-va-ti-ves: prin-ci-ples and tech-ni-ques of al-go-rith-mic
 []


Overfull \hbox (60.71202pt too wide) in paragraph at lines 79--79
\T1/qhv/m/n/12 (-20) ed., Se-cond Edi-tion, Ams-ter-dam: Aca-de-mic Press, 2015, págs. 587[]597, \T1/qhv/m/sc/12 (-20) isbn\T1/qhv/m/n/12 (-20) : 978-0-12-385938-9.
 []


Overfull \hbox (8.17882pt too wide) in paragraph at lines 79--79
\T1/qhv/m/n/12 (-20) Ecua-dor: high-lights from stra-ti-graphy and ob-ser-va-tio-nal re-cords and re-la-ted downs-tream
 []

[31]
Overfull \hbox (1.75941pt too wide) in paragraph at lines 79--79
[]\T1/qhv/m/n/12 (-20) V. Neall, ^^S  Lahars as ma-jor geo-lo-gi-cal ha-zards,^^T \T1/qhv/m/it/12 (-20) Bu-lle-tin of the In-ter-na-tio-nal As-so-cia-tion
 []


Overfull \hbox (15.26987pt too wide) in paragraph at lines 79--79
\T1/qhv/m/it/12 (-20) of En-gi-nee-ring Geology-Bulletin de l'Association In-ter-na-tio-na-le de Géo-lo-gie de l'Ingénieur\T1/qhv/m/n/12 (-20) ,
 []


Overfull \hbox (35.38577pt too wide) in paragraph at lines 79--79
[]\T1/qhv/m/n/12 (-20) D. Gau-din et al., ^^S  In-te-gra-ting puf-fing and ex-plo-sions in a ge-ne-ral sche-me for Strombolian-style
 []


Overfull \hbox (5.85875pt too wide) in paragraph at lines 79--79
\T1/qhv/m/n/12 (-20) ac-ti-vity,^^T \T1/qhv/m/it/12 (-20) Jour-nal of Geophy-si-cal Re-search: So-lid Earth\T1/qhv/m/n/12 (-20) , vol. 122, n.[] 3, págs. 1860[]1875,
 []

[32]

Package biblatex Warning: No driver for 'unknown'.
(biblatex)                Using fallback driver on input line 79.


Package biblatex Warning: No driver for 'unknown'.
(biblatex)                Using fallback driver on input line 79.


Package caption Warning: Unused \captionsetup[lstlisting] on input line 685.
See the caption package documentation for explanation.

[33] (./main.aux
LaTeX Info: Redefining \sptext on input line 12.
LaTeX Info: Redefining \. on input line 12.
LaTeX Info: Redefining \% on input line 12.
LaTeX Info: Redefining \sptext on input line 20.
LaTeX Info: Redefining \. on input line 20.
LaTeX Info: Redefining \% on input line 20.
 (./Secciones/a1_Resumen.aux) (./Secciones/a2_Abstract.aux) (./Capitulos/00_Introduccion.aux) (./Capitulos/01_Capitulo1.aux) (./Capitulos/02_Capitulo2.aux) (./Capitulos/0a_Conclusiones.aux))
 ***********
LaTeX2e <2025-11-01>
L3 programming layer <2025-11-14>
 ***********
Package rerunfilecheck Info: File `main.out' has not changed.
(rerunfilecheck)             Checksum: ED3AE2F27085430088F0069F7D37C0FE;4297.
Package logreq Info: Writing requests to 'main.run.xml'.
\openout1 = `main.run.xml'.

 ) 
Here is how much of TeX's memory you used:
 65508 strings out of 467537
 1465708 string characters out of 5423703
 2497445 words of memory out of 5000000
 93067 multiletter control sequences out of 15000+600000
 709786 words of font info for 208 fonts, out of 8000000 for 9000
 1141 hyphenation exceptions out of 8191
 118i,13n,131p,2489b,3945s stack positions out of 10000i,1000n,20000p,200000b,200000s

pdfTeX warning (dest): name{Hfootnote.5} has been referenced but does not exist, replaced by a fixed one


pdfTeX warning (dest): name{Hfootnote.4} has been referenced but does not exist, replaced by a fixed one


pdfTeX warning (dest): name{Hfootnote.3} has been referenced but does not exist, replaced by a fixed one


pdfTeX warning (dest): name{Hfootnote.2} has been referenced but does not exist, replaced by a fixed one


pdfTeX warning (dest): name{Hfootnote.1} has been referenced but does not exist, replaced by a fixed one

<c:/texlive/2025/texmf-dist/fonts/type1/public/inconsolata/Inconsolata-zi4r.pfb><c:/texlive/2025/texmf-dist/fonts/type1/public/amsfonts/cm/cmbx10.pfb><c:/texlive/2025/texmf-dist/fonts/type1/public/amsfonts/cm/cmbx12.pfb><c:/texlive/2025/texmf-dist/fonts/type1/public/amsfonts/cm/cmex10.pfb><c:/texlive/2025/texmf-dist/fonts/type1/public/amsfonts/cm/cmmi10.pfb><c:/texlive/2025/texmf-dist/fonts/type1/public/amsfonts/cm/cmmi12.pfb><c:/texlive/2025/texmf-dist/fonts/type1/public/amsfonts/cm/cmmi6.pfb><c:/texlive/2025/texmf-dist/fonts/type1/public/amsfonts/cm/cmmi8.pfb><c:/texlive/2025/texmf-dist/fonts/type1/public/amsfonts/cm/cmmib10.pfb><c:/texlive/2025/texmf-dist/fonts/type1/public/amsfonts/cmextra/cmmib8.pfb><c:/texlive/2025/texmf-dist/fonts/type1/public/amsfonts/cm/cmr10.pfb><c:/texlive/2025/texmf-dist/fonts/type1/public/amsfonts/cm/cmr12.pfb><c:/texlive/2025/texmf-dist/fonts/type1/public/amsfonts/cm/cmr6.pfb><c:/texlive/2025/texmf-dist/fonts/type1/public/amsfonts/cm/cmr8.pfb><c:/texlive/2025/texmf-dist/fonts/type1/public/amsfonts/cm/cmsy10.pfb><c:/texlive/2025/texmf-dist/fonts/type1/public/amsfonts/cm/cmsy6.pfb><c:/texlive/2025/texmf-dist/fonts/type1/public/amsfonts/cm/cmsy8.pfb><c:/texlive/2025/texmf-dist/fonts/type1/public/amsfonts/symbols/msbm10.pfb><c:/texlive/2025/texmf-dist/fonts/type1/public/tex-gyre/qhvb.pfb><c:/texlive/2025/texmf-dist/fonts/type1/public/tex-gyre/qhvbi.pfb><c:/texlive/2025/texmf-dist/fonts/type1/public/tex-gyre/qhvr.pfb><c:/texlive/2025/texmf-dist/fonts/type1/public/tex-gyre/qhvri.pfb>
Output written on main.pdf (40 pages, 50263576 bytes).
PDF statistics:
 723 PDF objects out of 1000 (max. 8388607)
 613 compressed objects within 7 object streams
 165 named destinations out of 1000 (max. 500000)
 45827 words of extra memory for PDF output out of 51595 (max. 10000000)

